id,student_id,exercise_id,difficulty,correct_count,error_count,missing_count,extra_count,accuracy_percent,created_at,letter_omission_count,letter_insertion_count,letter_substitution_count,transposition_count,split_join_count,punctuation_error_count,capitalization_error_count,error_words,resolution
011c5bfd-52e4-44a0-9a80-99f3878e1fa4,314c3d91-be93-4454-8786-74dd204cb514,19fdd00c-0804-4c61-b25d-b0202a118174,hard,0,1,11,0,0.00,2026-01-07 02:41:17.337589+00,0,0,0,0.0,0,0,0,[],
028a879f-e7dd-4dc1-b60b-802dfafe44ef,56aea145-f73d-4742-aca0-6258d9af020c,13561c14-f93c-448d-ba49-012aac1baafb,easy,4,0,1,0,80.00,2026-01-07 11:41:06.272595+00,0,0,0,0.0,0,0,0,[],
02939a5e-6ccf-4dc4-b4f3-5bf3a0f81f51,5d742b57-d297-4bb6-b9c5-ae704630fedf,911a6203-5c2f-4c03-a276-366ec08c9c06,medium,9,0,0,0,95.00,2026-01-28 13:08:06.64084+00,2,0,0,0.0,0,1,0,"[""bombeiro"",""mangueira.""]",O bombiro bravo apaga o fogo com a sua poderosa mangeira
03f02a8c-e10c-41ee-aacf-a79e22866ff9,ae85a1b2-9106-4c87-8778-e9aa88c5d889,53498836-f6c6-49fe-8f9b-92f408dcb58b,medium,6,0,0,0,100.00,2026-02-04 19:47:29.617553+00,0,0,0,0.0,0,0,0,[],O Pedro pinta uma parede branca.
081ea8b3-c810-4bb5-85d8-ad9bc269e3cb,5d742b57-d297-4bb6-b9c5-ae704630fedf,681a83ed-a2bf-4a38-82ae-9b99fc5a1dcc,medium,1,2,2,0,20.00,2026-01-07 03:30:03.950359+00,0,0,0,0.0,0,0,0,[],
09a3a446-f584-43e6-8a4e-66b5623ac0e7,5d742b57-d297-4bb6-b9c5-ae704630fedf,a1a1784e-3e55-455a-8eba-e8584f6a640d,medium,4,0,0,1,82.00,2026-01-13 00:42:40.535346+00,1,0,0,0.0,1,0,0,"[""flores""]",O jardim temdiversas plantas e fores a
09c2c0b3-aa85-4adc-b164-d0da82ecb976,314c3d91-be93-4454-8786-74dd204cb514,53498836-f6c6-49fe-8f9b-92f408dcb58b,medium,3,0,3,0,50.00,2026-01-07 03:33:47.757681+00,0,0,0,0.0,0,0,0,[],
0a80906a-bdd0-4efe-b9f7-2ca7aeb5d88b,314c3d91-be93-4454-8786-74dd204cb514,53498836-f6c6-49fe-8f9b-92f408dcb58b,medium,0,0,5,0,15.00,2026-01-23 13:47:22.547675+00,0,0,2,0.0,0,0,0,"[""uma""]",ola
0b75878b-53f0-4690-ae33-faf33199bad3,5d742b57-d297-4bb6-b9c5-ae704630fedf,53498836-f6c6-49fe-8f9b-92f408dcb58b,medium,0,1,5,0,0.00,2026-01-07 03:27:19.52618+00,0,0,0,0.0,0,0,0,[],
0c0fb10e-3698-4eb5-91dd-4c279ae66a29,5d742b57-d297-4bb6-b9c5-ae704630fedf,681a83ed-a2bf-4a38-82ae-9b99fc5a1dcc,medium,3,0,1,0,75.00,2026-01-29 09:56:42.580072+00,1,0,0,0.0,0,1,0,"[""sol.""]",A bicicleta ao so
0c6d7f61-9aad-41ff-9d8d-f413180f2c0f,ae85a1b2-9106-4c87-8778-e9aa88c5d889,53498836-f6c6-49fe-8f9b-92f408dcb58b,medium,2,0,0,0,59.00,2026-01-31 16:03:57.805694+00,0,1,3,0.0,0,1,1,"[""Pedro"",""pinta"",""uma"",""branca.""]",O predro ponta una parede bronca
0d0db5a4-d85d-4f13-8d65-3f31c9a46723,82fcff68-7301-4599-b818-2cfa383b603c,19fdd00c-0804-4c61-b25d-b0202a118174,hard,10,2,0,0,83.00,2026-01-07 09:55:23.252911+00,0,0,0,0.0,0,0,0,[],
0e34661b-4038-4f92-89dc-f319a4409fb1,f160026d-e1eb-4ae2-a966-9c2fdc33337b,13561c14-f93c-448d-ba49-012aac1baafb,easy,5,0,0,0,100.00,2026-02-20 13:12:38.836317+00,0,0,0,0.0,0,0,0,[],A bola é do Pedro.
0f7c2360-8d85-492d-af07-780501520d55,5d742b57-d297-4bb6-b9c5-ae704630fedf,53498836-f6c6-49fe-8f9b-92f408dcb58b,medium,5,1,0,0,83.00,2026-01-12 19:58:31.600168+00,0,0,0,0.0,0,0,0,[],
10225d44-5940-4e87-ad85-45b95b8125a2,5d742b57-d297-4bb6-b9c5-ae704630fedf,681a83ed-a2bf-4a38-82ae-9b99fc5a1dcc,medium,3,1,0,0,68.00,2026-01-28 13:11:26.253651+00,1,0,0,0.0,0,1,0,"[""bicicleta"",""brilha""]",A bicileta birla ao sol
119bfa39-8288-4b62-a3bc-fa5be09e2884,5d742b57-d297-4bb6-b9c5-ae704630fedf,746893ee-9fad-42be-aa33-fea395ee378c,medium,6,2,0,0,95.00,2026-01-12 23:31:46.99335+00,0,0,0,0.0,0,0,0,[],
12fca75c-578a-41d0-ad6f-80304d1e9d17,ae85a1b2-9106-4c87-8778-e9aa88c5d889,53498836-f6c6-49fe-8f9b-92f408dcb58b,medium,6,0,0,0,93.00,2026-02-02 19:05:56.407249+00,0,0,0,0.0,0,1,1,[],"O pedro pinta uma parede branca
"
1362d86b-f8b2-44c8-8849-3d79c14b4d27,5d742b57-d297-4bb6-b9c5-ae704630fedf,762f987c-e2d9-413f-870a-ea69e1612533,medium,5,0,0,0,76.00,2026-02-09 12:20:52.735407+00,0,1,1,0.0,0,1,0,"[""pão"",""dourado.""]",O padeiro prepara o pao bem douradao
141e771b-3eab-406d-87f7-d9a438dcda5f,314c3d91-be93-4454-8786-74dd204cb514,8e96c2ff-bb6f-4269-8d9f-ac34a92ee3e4,medium,0,1,6,0,0.00,2026-01-07 03:38:31.776903+00,0,0,0,0.0,0,0,0,[],
142e6180-8bac-41ed-b9c8-a7cad76bfba0,314c3d91-be93-4454-8786-74dd204cb514,53498836-f6c6-49fe-8f9b-92f408dcb58b,medium,0,1,5,0,0.00,2026-01-07 03:38:12.20551+00,0,0,0,0.0,0,0,0,[],
15d67029-5be2-49bd-bc74-41417378ca2e,5d742b57-d297-4bb6-b9c5-ae704630fedf,762f987c-e2d9-413f-870a-ea69e1612533,medium,6,0,0,0,86.00,2026-01-28 13:20:48.977776+00,1,0,0,0.0,0,0,0,"[""bem""]",O padeiro prepara o pão be dourado.
16bddff7-b750-4be7-b84a-d4d181e4b93e,5d742b57-d297-4bb6-b9c5-ae704630fedf,681a83ed-a2bf-4a38-82ae-9b99fc5a1dcc,medium,2,1,0,0,75.00,2026-01-12 23:39:03.414255+00,0,0,0,0.0,0,0,0,[],
16d41a27-3a4b-48f1-9a27-f8584436b598,5d742b57-d297-4bb6-b9c5-ae704630fedf,8e96c2ff-bb6f-4269-8d9f-ac34a92ee3e4,medium,1,0,6,0,14.00,2026-01-07 01:27:07.141298+00,0,0,0,0.0,0,0,0,[],
17669f4c-8c89-4bcd-a43d-fc4f54aa86e7,5d742b57-d297-4bb6-b9c5-ae704630fedf,681a83ed-a2bf-4a38-82ae-9b99fc5a1dcc,medium,3,1,0,0,90.00,2026-01-12 23:00:06.802742+00,0,0,0,0.0,0,0,0,[],
18ce9c3a-7c90-4d12-b7ff-ae2f6e75adcf,f160026d-e1eb-4ae2-a966-9c2fdc33337b,042a4987-d928-42cd-bf87-cc14896ea235,easy,1,0,1,0,43.00,2026-02-20 13:11:06.315445+00,0,0,0,0.0,0,1,1,[],Lua
1c46a849-f160-4089-8f17-e0d83c3fba6b,b885a11a-8c6b-4bb4-bcb1-62c08bbe7275,042a4987-d928-42cd-bf87-cc14896ea235,easy,1,0,0,0,69.00,2026-01-29 11:50:22.834722+00,0,0,1,0.0,0,0,1,"[""A""]",á lua.
1d67e741-0f6d-49d3-a7a7-78ca49a174e5,5d742b57-d297-4bb6-b9c5-ae704630fedf,762f987c-e2d9-413f-870a-ea69e1612533,medium,7,0,0,0,100.00,2026-01-28 13:19:08.392045+00,0,0,0,0.0,0,0,0,[],O padeiro prepara o pão bem dourado.
1e29e586-eee8-4250-aa4b-53e57dc763b8,ae85a1b2-9106-4c87-8778-e9aa88c5d889,953c9df0-5c55-4f98-b8c7-a50ed19fa007,medium,10,0,0,0,97.00,2026-02-02 19:08:39.74891+00,1,0,0,0.0,0,0,0,"[""pensada""]",A decisão de participar no desfile foi bem pensda e divertida.
1e58e214-ab20-4dce-a3e4-c5c4f9cfecd5,5d742b57-d297-4bb6-b9c5-ae704630fedf,19fdd00c-0804-4c61-b25d-b0202a118174,hard,11,0,0,0,99.00,2026-01-14 18:42:46.456063+00,0,0,1,0.0,0,0,0,"[""pedagógico""]",O projeto pedagégico proposto pela professora Bárbara despertou grande interesse nos alunos.
1fd10ab5-a4df-4b48-b9d6-9648f546e955,5d742b57-d297-4bb6-b9c5-ae704630fedf,53498836-f6c6-49fe-8f9b-92f408dcb58b,medium,4,2,0,0,67.00,2026-01-12 19:49:15.323657+00,0,0,0,0.0,0,0,0,[],
20f7a16a-b0af-46c2-9f89-737904d75703,585cba88-9644-493e-86b3-88f1a518a0e8,762f987c-e2d9-413f-870a-ea69e1612533,medium,7,0,0,0,100.00,2026-01-23 15:56:34.805054+00,0,0,0,0.0,0,0,0,[],O padeiro prepara o pão bem dourado.
216276d0-9ca2-47df-8cc0-1e9d607ade87,ae85a1b2-9106-4c87-8778-e9aa88c5d889,681a83ed-a2bf-4a38-82ae-9b99fc5a1dcc,medium,3,0,0,0,68.00,2026-02-03 12:39:24.710603+00,0,0,2,0.0,0,1,0,"[""brilha"",""sol.""]",A bicicleta brolha ao sul
2287eafc-b0bb-4292-bf63-44a5473e3c6d,5d742b57-d297-4bb6-b9c5-ae704630fedf,53498836-f6c6-49fe-8f9b-92f408dcb58b,medium,5,1,0,0,83.00,2026-01-12 19:19:44.623172+00,0,0,0,0.0,0,0,0,[],
239e0b47-6e10-4747-ba13-5d150f5f18ed,ae85a1b2-9106-4c87-8778-e9aa88c5d889,53498836-f6c6-49fe-8f9b-92f408dcb58b,medium,1,0,0,0,46.00,2026-02-02 19:22:11.963602+00,1,1,4,0.0,0,1,1,"[""Pedro"",""pinta"",""uma"",""parede"",""branca.""]",O predro ponto una parde bronca
23e33bd2-2027-4a1f-bfff-47ac8240c844,b885a11a-8c6b-4bb4-bcb1-62c08bbe7275,042a4987-d928-42cd-bf87-cc14896ea235,easy,1,0,0,0,63.00,2026-01-29 12:00:22.229841+00,0,0,1,0.0,0,1,1,"[""lua.""]",a loa
24a37b5b-52cc-4016-9b1b-44c49796eeac,82fcff68-7301-4599-b818-2cfa383b603c,746893ee-9fad-42be-aa33-fea395ee378c,medium,7,2,0,0,78.00,2026-01-07 09:39:03.665254+00,0,0,0,0.0,0,0,0,[],
265b668a-ed53-4951-a4b6-68f85e77f702,59dd17d8-682d-41b0-9d86-b96baf61a1bd,53498836-f6c6-49fe-8f9b-92f408dcb58b,medium,4,0,0,0,90.00,2026-01-22 15:07:39.798039+00,2,0,0,0.0,0,1,1,"[""Pedro"",""parede""]",O pdro pinta uma prede branca
2663a75e-b726-46ca-a704-15befde9a754,ae85a1b2-9106-4c87-8778-e9aa88c5d889,911a6203-5c2f-4c03-a276-366ec08c9c06,medium,11,0,0,0,95.00,2026-02-02 19:08:11.897188+00,0,0,0,0.0,0,1,0,[],O bombeiro bravo apaga o fogo com a sua poderosa mangueira
2697ebd9-c260-491b-ae11-4975515a384d,5d742b57-d297-4bb6-b9c5-ae704630fedf,53498836-f6c6-49fe-8f9b-92f408dcb58b,medium,5,0,1,0,85.00,2026-01-28 12:42:35.322099+00,0,0,0,0.0,0,0,0,[],O Pedro pinta uma branca.
26ce75d3-4d10-456b-8d8d-fbf92459c427,5d742b57-d297-4bb6-b9c5-ae704630fedf,53498836-f6c6-49fe-8f9b-92f408dcb58b,medium,1,1,1,0,52.00,2026-01-18 14:33:49.510068+00,3,0,1,0.0,0,1,1,"[""pinta"",""uma"",""parede"",""branca.""]",o pedropinya um parde barca
2874417b-e888-4a5b-a770-0b3c54b6c37f,ae85a1b2-9106-4c87-8778-e9aa88c5d889,53498836-f6c6-49fe-8f9b-92f408dcb58b,medium,5,0,0,0,76.00,2026-01-31 18:07:00.521243+00,2,0,0,0.0,0,1,2,"[""uma""]","o pedro pinta a parede branca
"
288d39e9-2d22-49c0-9d49-019e5fcffb41,59dd17d8-682d-41b0-9d86-b96baf61a1bd,762f987c-e2d9-413f-870a-ea69e1612533,medium,6,0,0,0,92.00,2026-01-22 15:00:40.820922+00,0,0,2,0.0,0,1,0,"[""bem""]",O padeiro prepara o pão bai dourado
2b5ba418-855a-4bb2-82f5-9927175462d5,56aea145-f73d-4742-aca0-6258d9af020c,043e765a-9389-4257-a43c-1f0ce36aca3d,easy,4,1,0,0,80.00,2026-01-07 11:39:15.114377+00,0,0,0,0.0,0,0,0,[],
2b6594f5-d339-4434-9b14-631051bbba5d,59dd17d8-682d-41b0-9d86-b96baf61a1bd,042a4987-d928-42cd-bf87-cc14896ea235,easy,2,0,0,0,94.00,2026-01-22 15:08:52.542448+00,0,0,0,0.0,0,1,0,[],A lua
2c9b0bcf-d7ba-4066-a0ee-130794e666b8,5d742b57-d297-4bb6-b9c5-ae704630fedf,681a83ed-a2bf-4a38-82ae-9b99fc5a1dcc,medium,2,0,0,0,90.00,2026-01-12 23:52:42.842538+00,0,0,0,0.0,0,0,0,[],
2d42cb13-7861-4f77-9114-782a45fbab59,5d742b57-d297-4bb6-b9c5-ae704630fedf,19fdd00c-0804-4c61-b25d-b0202a118174,hard,4,6,2,0,33.00,2026-01-12 19:53:09.277668+00,0,0,0,0.0,0,0,0,[],
2d7f0df4-bc34-481f-b6b3-9447fbd98937,ae85a1b2-9106-4c87-8778-e9aa88c5d889,681a83ed-a2bf-4a38-82ae-9b99fc5a1dcc,medium,5,0,0,0,100.00,2026-01-31 18:09:10.820091+00,0,0,0,0.0,0,0,0,[],A bicicleta brilha ao sol.
2e6aa549-6c00-4c89-a688-1fba17341284,314c3d91-be93-4454-8786-74dd204cb514,53498836-f6c6-49fe-8f9b-92f408dcb58b,medium,0,0,5,0,15.00,2026-01-15 00:50:52.46109+00,0,0,2,0.0,0,0,0,"[""pinta""]",porta
2fa6e104-ac1f-4718-a1de-f4bcef9a1203,93e79d89-7ad2-406c-b29d-78a3bcd21d86,043e765a-9389-4257-a43c-1f0ce36aca3d,easy,5,0,0,0,100.00,2026-01-29 12:31:35.237987+00,0,0,0,0.0,0,0,0,[],O pai pega no pão.
2fce9d59-1634-48ab-aa4f-d03a3f2fd4ff,ae85a1b2-9106-4c87-8778-e9aa88c5d889,53498836-f6c6-49fe-8f9b-92f408dcb58b,medium,3,0,0,0,65.00,2026-01-31 15:53:41.179357+00,2,1,1,0.0,0,1,1,"[""Pedro"",""uma"",""branca.""]",O predro pinta a parede bronca
3155e62f-2d4c-4b4b-a476-fbea8b5fc68d,314c3d91-be93-4454-8786-74dd204cb514,042a4987-d928-42cd-bf87-cc14896ea235,easy,0,1,1,0,0.00,2026-01-07 02:40:51.231551+00,0,0,0,0.0,0,0,0,[],
3318b6cf-af8d-453e-87b5-b59c1a4c19e7,ae85a1b2-9106-4c87-8778-e9aa88c5d889,746893ee-9fad-42be-aa33-fea395ee378c,medium,3,0,0,0,40.00,2026-02-02 19:06:51.215641+00,2,1,5,0.0,0,1,2,"[""desenha"",""um"",""pássaro"",""belo"",""no"",""seu""]",a dora diseinha un pasaro bel nu ceu caderno
342877f7-0278-4f72-8167-ba6bd73bc8b9,ae85a1b2-9106-4c87-8778-e9aa88c5d889,53498836-f6c6-49fe-8f9b-92f408dcb58b,medium,6,0,0,0,93.00,2026-02-02 19:25:19.577825+00,0,0,0,0.0,0,1,1,[],"O pedro pinta uma parede branca
"
3662fb51-2467-4b81-8d5c-a368d23db38b,5d742b57-d297-4bb6-b9c5-ae704630fedf,042a4987-d928-42cd-bf87-cc14896ea235,easy,0,0,0,0,25.00,2026-01-28 10:38:46.698078+00,0,0,3,0.0,0,0,0,"[""A"",""lua.""]",O lou.
36af6792-161a-4883-9d84-b9bc914cb9f1,5d742b57-d297-4bb6-b9c5-ae704630fedf,53498836-f6c6-49fe-8f9b-92f408dcb58b,medium,5,0,0,0,81.00,2026-02-09 12:21:49.13639+00,0,0,0,1.0,0,1,1,"[""branca.""]",O pedro pinta uma parede bracna
37cc4135-c1d7-453b-9d22-92185c8f5bfd,5d742b57-d297-4bb6-b9c5-ae704630fedf,043e765a-9389-4257-a43c-1f0ce36aca3d,easy,5,0,0,0,95.00,2026-02-09 12:22:13.820355+00,0,0,0,0.0,0,1,0,[],O pai pega no pão
37fa7f1d-b8af-40d9-8cbe-95bcf7735bec,5d742b57-d297-4bb6-b9c5-ae704630fedf,53498836-f6c6-49fe-8f9b-92f408dcb58b,medium,2,0,0,0,84.00,2026-01-28 10:37:30.771426+00,1,0,1,1.0,1,1,1,"[""Pedro"",""branca.""]",O perdo pinta umaparede barca
3833c67c-edf9-4c0c-8677-9fb0423aa2fa,5d742b57-d297-4bb6-b9c5-ae704630fedf,53498836-f6c6-49fe-8f9b-92f408dcb58b,medium,5,0,1,0,85.00,2026-01-29 09:58:24.238073+00,0,0,0,0.0,0,0,0,[],O pinta uma parede branca.
3a02ebf8-a752-4240-8586-7762ad848283,314c3d91-be93-4454-8786-74dd204cb514,746893ee-9fad-42be-aa33-fea395ee378c,medium,0,1,8,0,0.00,2026-01-07 03:38:23.160856+00,0,0,0,0.0,0,0,0,[],
3aa24fc9-fccf-4705-b981-886a1eb6140a,585cba88-9644-493e-86b3-88f1a518a0e8,53498836-f6c6-49fe-8f9b-92f408dcb58b,medium,6,0,0,0,100.00,2026-01-23 15:52:03.009008+00,0,0,0,0.0,0,0,0,[],O Pedro pinta uma parede branca.
3b447571-2759-4ab2-95a1-f65066a200d2,7cadae0c-086f-4f3b-8065-866318bafaf5,53498836-f6c6-49fe-8f9b-92f408dcb58b,medium,4,0,0,0,91.00,2026-01-23 14:59:36.169104+00,1,1,0,0.0,0,0,1,"[""pinta"",""parede""]","O   pedro   pita   uma   parende   branca.
"
3c62a1dd-8f5d-4b08-97de-a80893c70776,ae85a1b2-9106-4c87-8778-e9aa88c5d889,53498836-f6c6-49fe-8f9b-92f408dcb58b,medium,5,0,0,0,76.00,2026-01-31 18:02:27.419711+00,2,0,0,0.0,0,1,2,"[""uma""]",o pedro pinta a parede branca
3d53466b-c687-4954-8994-8de9e65b789e,5d742b57-d297-4bb6-b9c5-ae704630fedf,53498836-f6c6-49fe-8f9b-92f408dcb58b,medium,5,0,0,0,86.00,2026-01-28 13:10:13.073603+00,0,0,0,1.0,0,0,1,"[""Pedro""]",O perdo pinta uma parede branca.
3e0d89b1-2756-4816-ac1d-7e23244ca50b,5d742b57-d297-4bb6-b9c5-ae704630fedf,762f987c-e2d9-413f-870a-ea69e1612533,medium,6,0,0,0,86.00,2026-01-28 13:20:10.980385+00,1,0,1,0.0,0,0,0,"[""pão""]",O padeiro prepara o pa bem dourado.
40727f8e-6b01-44a9-b769-c4f5e21698a7,3c46a8b3-b966-40b5-be52-54d6ac00362a,34c835f9-48e9-4766-9d59-e41d77a3cb47,hard,10,0,0,0,97.00,2026-01-22 15:45:16.764276+00,0,0,2,0.0,0,0,0,"[""decidiu"",""concerto""]",A banda popular decidio preparar um conserto benéfico para a comunidade local.
416b51d6-56cb-4448-b3f7-de2e99de06ac,5d742b57-d297-4bb6-b9c5-ae704630fedf,53498836-f6c6-49fe-8f9b-92f408dcb58b,medium,6,0,0,0,100.00,2026-02-09 12:19:03.262459+00,0,0,0,0.0,0,0,0,[],O Pedro pinta uma parede branca.
41a219ce-270f-4ab8-834b-6b957d174044,f160026d-e1eb-4ae2-a966-9c2fdc33337b,53498836-f6c6-49fe-8f9b-92f408dcb58b,medium,4,0,1,0,67.00,2026-02-11 11:45:16.504691+00,0,0,0,1.0,0,1,0,"[""Pedro""]",O Perdo pinta parede branca
428b893e-9542-486f-bb18-a93d40a6e6d1,f160026d-e1eb-4ae2-a966-9c2fdc33337b,53498836-f6c6-49fe-8f9b-92f408dcb58b,medium,3,2,1,0,50.00,2026-01-12 15:53:52.481458+00,0,0,0,0.0,0,0,0,[],
449a9e05-5ce6-45b9-962f-f74445b57086,ae5b447c-f72b-45cf-9627-1a28812ff86b,13561c14-f93c-448d-ba49-012aac1baafb,easy,3,1,1,0,60.00,2026-01-07 11:26:08.571057+00,0,0,0,0.0,0,0,0,[],
44a57c4e-4c4d-43ae-9a8f-a15bf453adbd,314c3d91-be93-4454-8786-74dd204cb514,53498836-f6c6-49fe-8f9b-92f408dcb58b,medium,0,0,5,0,15.00,2026-01-23 13:47:30.597984+00,0,0,2,0.0,0,0,0,"[""uma""]",ola
45d2ddc6-c5b9-4286-8633-e5edf4fb45be,ae85a1b2-9106-4c87-8778-e9aa88c5d889,53498836-f6c6-49fe-8f9b-92f408dcb58b,medium,6,0,0,0,98.00,2026-02-04 19:59:00.963718+00,0,0,0,0.0,0,0,1,[],O pedro pinta uma parede branca.
468cbae8-263b-4470-b77f-fe47355d9a51,ae85a1b2-9106-4c87-8778-e9aa88c5d889,5a45fbcb-34da-4a30-b70f-01331ff0f560,easy,1,0,0,0,48.00,2026-02-02 20:06:43.802127+00,0,0,1,0.0,0,0,1,"[""mãe.""]",a mie.
481998c7-068c-4794-a6b6-7ebdbe32fd02,ae85a1b2-9106-4c87-8778-e9aa88c5d889,53498836-f6c6-49fe-8f9b-92f408dcb58b,medium,2,0,0,0,57.00,2026-01-31 15:49:54.407738+00,1,2,2,0.0,0,0,1,"[""Pedro"",""pinta"",""uma"",""branca.""]",O predo printa una parede bronca.
482b88ed-dfa7-46ca-a400-6175ea890acf,ae85a1b2-9106-4c87-8778-e9aa88c5d889,681a83ed-a2bf-4a38-82ae-9b99fc5a1dcc,medium,3,0,0,0,61.00,2026-02-02 19:06:21.54947+00,2,0,1,0.0,0,1,0,"[""bicicleta"",""sol.""]",A bicleta brilha ao sul
48a4ada3-58c2-4468-b86e-003b84ee1b7b,59dd17d8-682d-41b0-9d86-b96baf61a1bd,681a83ed-a2bf-4a38-82ae-9b99fc5a1dcc,medium,3,0,0,0,88.00,2026-01-22 14:53:16.826357+00,0,0,2,0.0,0,1,1,"[""bicicleta"",""brilha""]",a bisicleta brinha ao sol
4bfa96b5-f77b-4d73-ad9d-6626ba3c95e5,5d742b57-d297-4bb6-b9c5-ae704630fedf,53498836-f6c6-49fe-8f9b-92f408dcb58b,medium,5,0,0,0,96.00,2026-01-29 09:56:26.29846+00,0,0,0,1.0,0,0,1,"[""Pedro""]",O perdo pinta uma parede branca.
4ca31f3e-2e22-45dc-83e3-1d20962b8a7d,ae5b447c-f72b-45cf-9627-1a28812ff86b,19fdd00c-0804-4c61-b25d-b0202a118174,hard,11,1,0,0,92.00,2026-01-09 15:26:37.658158+00,0,0,0,0.0,0,0,0,[],
4e682d0d-4b7f-4469-b752-3fee796d97be,ae85a1b2-9106-4c87-8778-e9aa88c5d889,9e38ae27-deef-4bd3-95c1-7d61dd58cc1b,medium,7,0,0,0,87.00,2026-02-02 19:08:59.663822+00,0,0,2,0.0,0,1,0,"[""pássaros"",""belíssimas""]",Os passaros pousam nos ramos e cantam belissimas melodias
500ef7b5-924f-42e6-8727-c20e54a18a82,314c3d91-be93-4454-8786-74dd204cb514,53498836-f6c6-49fe-8f9b-92f408dcb58b,medium,3,0,0,0,84.00,2026-01-14 11:07:59.23738+00,2,0,1,1.0,0,1,0,"[""Pedro"",""uma"",""branca.""]",O Pedor pinta um parede barca
5182c9b6-d4cb-462d-ab24-33201e33abd0,314c3d91-be93-4454-8786-74dd204cb514,681a83ed-a2bf-4a38-82ae-9b99fc5a1dcc,medium,0,1,4,0,0.00,2026-01-07 03:38:18.044858+00,0,0,0,0.0,0,0,0,[],
51cabd4d-19e5-4780-a6dc-74bf6d70466a,d0236b95-3830-4d8d-bb59-9bb8bc02f69f,19fdd00c-0804-4c61-b25d-b0202a118174,hard,12,0,0,0,95.00,2026-02-17 11:21:53.948333+00,0,0,0,0.0,0,1,0,[],O projeto pedagógico proposto pela professora Bárbara despertou grande interesse nos alunos
5273bc5f-56b2-440d-9c86-0b0e83404a83,ae85a1b2-9106-4c87-8778-e9aa88c5d889,043e765a-9389-4257-a43c-1f0ce36aca3d,easy,0,0,4,0,5.00,2026-02-02 19:59:59.342017+00,1,0,1,0.0,0,0,0,"[""no""]",m
54f007a2-06c3-4df1-b0ef-dc6594893bf2,ae5b447c-f72b-45cf-9627-1a28812ff86b,042a4987-d928-42cd-bf87-cc14896ea235,easy,2,0,0,0,100.00,2026-01-07 11:21:04.944135+00,0,0,0,0.0,0,0,0,[],
562da703-2215-4c46-8b39-7f23195ed060,ae85a1b2-9106-4c87-8778-e9aa88c5d889,30157a15-6912-4c28-b1ec-edaba71d9ef4,easy,0,0,0,0,10.00,2026-02-02 20:03:13.13198+00,2,0,1,0.0,0,1,1,"[""O"",""tapete.""]",u tape
573c2e4a-77fb-4f58-ad1b-64ddf856079e,5d742b57-d297-4bb6-b9c5-ae704630fedf,762f987c-e2d9-413f-870a-ea69e1612533,medium,0,0,6,0,5.00,2026-01-28 13:19:16.668078+00,0,0,1,0.0,0,0,0,"[""o""]",a
5811ab60-754f-4ae8-8588-98023ae21492,ae85a1b2-9106-4c87-8778-e9aa88c5d889,681a83ed-a2bf-4a38-82ae-9b99fc5a1dcc,medium,2,1,0,0,48.00,2026-02-02 18:14:03.136937+00,0,0,2,0.0,0,1,1,"[""bicicleta"",""brilha"",""sol.""]",a bicla brolha ao sul
5907c18c-2fe9-447c-9ca6-8bc83eb3e332,5d742b57-d297-4bb6-b9c5-ae704630fedf,53498836-f6c6-49fe-8f9b-92f408dcb58b,medium,2,0,0,0,80.00,2026-01-13 00:47:11.839261+00,4,0,1,0.0,0,0,1,"[""pinta"",""uma"",""parede"",""branca.""]",o Pedro pita um parde breca.
593f9f83-d4c0-4453-b39c-55bbf89b38fa,ae85a1b2-9106-4c87-8778-e9aa88c5d889,681a83ed-a2bf-4a38-82ae-9b99fc5a1dcc,medium,3,0,0,0,67.00,2026-01-31 18:01:17.040926+00,0,0,2,0.0,0,1,1,"[""brilha"",""sol.""]",a bicicleta brolha ao sul
59d6c997-0dcb-4d58-ae89-0481d85fe207,ea6ca1db-4460-45b5-a218-6676490a2d47,8e96c2ff-bb6f-4269-8d9f-ac34a92ee3e4,medium,0,0,6,0,0.00,2026-02-15 20:33:35.624108+00,1,0,0,0.0,0,1,0,"[""A""]",~
5a4dd341-a1d9-4a17-afac-104be79f1010,ae85a1b2-9106-4c87-8778-e9aa88c5d889,746893ee-9fad-42be-aa33-fea395ee378c,medium,0,4,3,0,0.00,2026-01-31 17:47:34.22482+00,0,1,1,0.0,0,1,1,"[""A"",""Dora"",""desenha"",""um"",""seu"",""caderno.""]",O pedro pinta uma parede branca
5a935e16-e1c2-4704-bd72-e8b1bc844c97,d0236b95-3830-4d8d-bb59-9bb8bc02f69f,042a4987-d928-42cd-bf87-cc14896ea235,easy,2,0,0,0,100.00,2026-02-17 11:22:48.770827+00,0,0,0,0.0,0,0,0,[],A lua.
5b92cac7-ecb3-4fd0-adfe-de0e69824609,5d742b57-d297-4bb6-b9c5-ae704630fedf,746893ee-9fad-42be-aa33-fea395ee378c,medium,9,0,0,0,95.00,2026-02-09 12:20:39.985538+00,0,0,0,0.0,0,1,0,[],A Dora desenha um pássaro belo no seu caderno
5be3025b-c9ed-4ec6-837a-3bc9f74bb07e,5d742b57-d297-4bb6-b9c5-ae704630fedf,042a4987-d928-42cd-bf87-cc14896ea235,easy,1,0,0,0,56.00,2026-01-28 10:38:31.022109+00,1,0,0,0.0,0,1,2,"[""lua.""]",a Lu
5bf82232-a9d1-42bd-b6d0-dd9795c80962,5d742b57-d297-4bb6-b9c5-ae704630fedf,042a4987-d928-42cd-bf87-cc14896ea235,easy,2,0,0,0,90.00,2026-02-09 12:22:00.929982+00,0,0,0,0.0,0,1,1,[],"A Lua "
5c139660-aaad-41db-84b7-f0dfa5e9f095,314c3d91-be93-4454-8786-74dd204cb514,13561c14-f93c-448d-ba49-012aac1baafb,easy,0,1,4,0,0.00,2026-01-07 02:41:12.478532+00,0,0,0,0.0,0,0,0,[],
5dda3772-3d04-4ebf-be85-d2e2350719da,ae85a1b2-9106-4c87-8778-e9aa88c5d889,53498836-f6c6-49fe-8f9b-92f408dcb58b,medium,2,0,0,0,59.00,2026-01-31 15:58:45.861883+00,0,1,3,0.0,0,1,1,"[""Pedro"",""pinta"",""uma"",""branca.""]",O predro ponta una parede bronca
5e4cc0a6-c3a2-480b-a47e-9a9d0de8847d,f160026d-e1eb-4ae2-a966-9c2fdc33337b,53498836-f6c6-49fe-8f9b-92f408dcb58b,medium,3,0,1,0,76.00,2026-01-13 16:03:01.845588+00,1,1,0,0.0,0,0,1,"[""uma"",""parede""]","O pedro pinta um parrede "
5e6b7613-d3c2-44f3-9aaa-9dacf4338476,ea6ca1db-4460-45b5-a218-6676490a2d47,13561c14-f93c-448d-ba49-012aac1baafb,easy,3,0,0,0,71.00,2026-01-23 15:39:16.840464+00,1,0,2,0.0,0,2,1,"[""do"",""Pedro.""]",A. bola é  bo. peru.
5eeb0702-c49b-4f33-b0d2-956fa5bebd9f,82fcff68-7301-4599-b818-2cfa383b603c,53498836-f6c6-49fe-8f9b-92f408dcb58b,medium,6,0,0,0,100.00,2026-01-07 09:30:22.002479+00,0,0,0,0.0,0,0,0,[],
60275588-08c1-46f0-9ef7-0774fb7c9abf,5d742b57-d297-4bb6-b9c5-ae704630fedf,53498836-f6c6-49fe-8f9b-92f408dcb58b,medium,0,0,1,0,66.00,2026-01-18 14:32:34.145005+00,2,0,2,0.0,1,0,1,"[""O"",""parede"",""branca.""]",U pintauma Parde barca.
60934604-098f-4385-8a5e-8ecf335abb1a,5d742b57-d297-4bb6-b9c5-ae704630fedf,53498836-f6c6-49fe-8f9b-92f408dcb58b,medium,2,0,0,0,89.00,2026-01-12 23:45:52.783127+00,0,0,0,0.0,0,0,0,[],
60a63f13-29d3-4b5d-b518-e7d4a054e294,ae85a1b2-9106-4c87-8778-e9aa88c5d889,53498836-f6c6-49fe-8f9b-92f408dcb58b,medium,6,0,0,0,98.00,2026-02-02 19:38:31.931498+00,0,0,0,0.0,0,0,1,[],O pedro pinta uma parede branca.
60b409e5-c9a4-4a30-91ec-33b2e90a7763,5d742b57-d297-4bb6-b9c5-ae704630fedf,762f987c-e2d9-413f-870a-ea69e1612533,medium,4,0,0,0,89.00,2026-01-28 12:56:59.298408+00,1,0,1,1.0,0,1,0,"[""padeiro"",""pão"",""bem""]",O paderio prepara o pao be dourado
61144c7e-af12-4bbe-89ee-f8ae77aa1b2f,5d742b57-d297-4bb6-b9c5-ae704630fedf,681a83ed-a2bf-4a38-82ae-9b99fc5a1dcc,medium,4,0,0,0,79.00,2026-02-09 12:20:16.836356+00,1,0,0,0.0,0,0,1,"[""ao""]",A bicicleta brilha a Sol.
61e1fb0d-44ad-4112-af10-2c1dc769cda1,ae85a1b2-9106-4c87-8778-e9aa88c5d889,53498836-f6c6-49fe-8f9b-92f408dcb58b,medium,6,0,0,0,93.00,2026-02-02 18:28:50.525773+00,0,0,0,0.0,0,1,1,[],"O pedro pinta uma parede branca
"
623f2b20-c698-4daf-b110-b634c64ee72a,5d742b57-d297-4bb6-b9c5-ae704630fedf,53498836-f6c6-49fe-8f9b-92f408dcb58b,medium,5,1,0,1,67.00,2026-01-07 10:55:26.202317+00,0,0,0,0.0,0,0,0,[],
624641df-c171-44db-b01f-ea54b4ac39b8,5d742b57-d297-4bb6-b9c5-ae704630fedf,042a4987-d928-42cd-bf87-cc14896ea235,easy,0,2,0,0,0.00,2026-01-12 19:52:03.758823+00,0,0,0,0.0,0,0,0,[],
62f4ef27-321d-47b5-a3ea-a5b93af7996f,5d742b57-d297-4bb6-b9c5-ae704630fedf,681a83ed-a2bf-4a38-82ae-9b99fc5a1dcc,medium,4,0,0,0,89.00,2026-01-14 18:16:24.850635+00,1,1,0,0.0,0,0,1,"[""brilha""]",A bicicleta brialh ao Sol.
63206f62-f6da-4303-8b83-9eef65f5d6dc,f160026d-e1eb-4ae2-a966-9c2fdc33337b,681a83ed-a2bf-4a38-82ae-9b99fc5a1dcc,medium,5,0,0,0,100.00,2026-02-20 13:17:12.325665+00,0,0,0,0.0,0,0,0,[],A bicicleta brilha ao sol.
6324f9bb-1224-4110-8587-ffa3e54fd6bc,ea6ca1db-4460-45b5-a218-6676490a2d47,042a4987-d928-42cd-bf87-cc14896ea235,easy,2,0,0,1,0.00,2026-01-23 15:27:33.345103+00,0,0,0,0.0,0,1,1,[],a  lua a.
639b722a-decf-4d46-8c76-482628053fdd,5d742b57-d297-4bb6-b9c5-ae704630fedf,53498836-f6c6-49fe-8f9b-92f408dcb58b,medium,3,2,0,0,88.00,2026-01-12 22:58:25.118993+00,0,0,0,0.0,0,0,0,[],
64cbe20e-1e4c-4da3-97f5-0e4508e5f1af,5d742b57-d297-4bb6-b9c5-ae704630fedf,746893ee-9fad-42be-aa33-fea395ee378c,medium,6,3,0,0,67.00,2026-01-07 01:26:33.037537+00,0,0,0,0.0,0,0,0,[],
65d31f9e-d249-4713-8016-b621bf49c67d,5d742b57-d297-4bb6-b9c5-ae704630fedf,042a4987-d928-42cd-bf87-cc14896ea235,easy,2,0,0,0,94.00,2026-01-13 00:43:15.923174+00,0,0,0,0.0,0,0,1,[],a lua
662823b0-975a-4604-96e5-b1a68818efb5,7cadae0c-086f-4f3b-8065-866318bafaf5,042a4987-d928-42cd-bf87-cc14896ea235,easy,2,0,0,0,100.00,2026-01-23 14:55:12.538986+00,0,0,0,0.0,0,0,0,[],A   lua.
666130a8-4aed-43bd-a845-2aee0b873f08,5d742b57-d297-4bb6-b9c5-ae704630fedf,53498836-f6c6-49fe-8f9b-92f408dcb58b,medium,2,0,0,0,86.00,2026-01-25 19:30:33.087677+00,1,0,1,1.0,1,0,0,"[""Pedro"",""branca.""]",O Perdo pinta umaparede barca.
66edaec8-c230-4dd9-a82f-5b47914efd78,d37c7d7c-aa9b-45d9-8d25-693333ad937f,5a45fbcb-34da-4a30-b70f-01331ff0f560,easy,2,0,0,0,100.00,2026-01-23 16:12:38.808162+00,0,0,0,0.0,0,0,0,[],A mãe.
673cc109-7846-4f2c-be74-c5898df63fe1,ae85a1b2-9106-4c87-8778-e9aa88c5d889,53498836-f6c6-49fe-8f9b-92f408dcb58b,medium,3,0,0,0,63.00,2026-01-31 15:54:18.239679+00,0,1,2,0.0,0,1,2,"[""Pedro"",""uma"",""branca.""]",o predro pinta una parede bronca
6935c552-0f18-4159-bb6c-0a5b87f3d402,5d742b57-d297-4bb6-b9c5-ae704630fedf,681a83ed-a2bf-4a38-82ae-9b99fc5a1dcc,medium,4,1,0,0,80.00,2026-01-07 01:26:15.719626+00,0,0,0,0.0,0,0,0,[],
698c2541-13ba-4809-90c4-0d393e688eab,ae85a1b2-9106-4c87-8778-e9aa88c5d889,53498836-f6c6-49fe-8f9b-92f408dcb58b,medium,6,0,0,0,92.00,2026-01-31 17:49:12.850378+00,0,0,0,0.0,0,1,2,[],o pedro pinta uma parede branca
6ad9eb67-f987-4b3f-815b-fe326eea3c06,5d742b57-d297-4bb6-b9c5-ae704630fedf,13561c14-f93c-448d-ba49-012aac1baafb,easy,4,0,0,0,92.00,2026-01-13 00:46:55.180871+00,0,0,0,1.0,0,0,1,"[""Pedro""]",a bola é do Perdo
6ae181e2-6f57-45ad-94b3-b51d732144e6,5d742b57-d297-4bb6-b9c5-ae704630fedf,8e96c2ff-bb6f-4269-8d9f-ac34a92ee3e4,medium,5,0,0,0,92.00,2026-01-13 00:15:37.681279+00,0,0,0,0.0,0,0,0,[],
6b7a4926-4eb0-49ca-b0fa-780bde292779,ae85a1b2-9106-4c87-8778-e9aa88c5d889,53498836-f6c6-49fe-8f9b-92f408dcb58b,medium,2,1,0,0,56.00,2026-01-31 15:51:37.932724+00,0,0,3,0.0,0,0,1,"[""Pedro"",""pinta"",""uma"",""branca.""]","O predeor ponta una parede bronca.
"
6b8ef9bd-62d3-4f22-9293-1622e83d2d70,5d742b57-d297-4bb6-b9c5-ae704630fedf,19fdd00c-0804-4c61-b25d-b0202a118174,hard,2,0,9,0,25.00,2026-02-09 12:22:40.872888+00,0,0,1,0.0,0,0,1,"[""pedagógico""]",o projeto pedagogico
6bd945cd-d329-47a7-87ec-e6c253f08413,314c3d91-be93-4454-8786-74dd204cb514,a1a1784e-3e55-455a-8eba-e8584f6a640d,medium,0,1,6,0,0.00,2026-01-07 03:38:48.898248+00,0,0,0,0.0,0,0,0,[],
6c10eb54-0a7a-45f0-9d46-b947015f50cc,5d742b57-d297-4bb6-b9c5-ae704630fedf,746893ee-9fad-42be-aa33-fea395ee378c,medium,4,0,0,0,87.00,2026-01-13 00:28:56.116103+00,2,0,1,1.0,1,0,0,"[""desenha"",""pássaro"",""belo no"",""caderno""]",A Dora desena um pasaro belono seu cadreno
6c4def47-0750-47ed-8f33-9dedb254f597,ae85a1b2-9106-4c87-8778-e9aa88c5d889,53498836-f6c6-49fe-8f9b-92f408dcb58b,medium,6,0,0,0,97.00,2026-01-31 18:08:37.297878+00,0,0,0,0.0,0,0,2,[],o pedro pinta uma parede branca.
6d6e9a6c-34c3-478c-9281-d1acb8fb862d,5d742b57-d297-4bb6-b9c5-ae704630fedf,53498836-f6c6-49fe-8f9b-92f408dcb58b,medium,1,0,0,0,74.00,2026-01-14 18:28:30.588163+00,5,0,1,0.0,0,1,2,"[""Pedro"",""pinta"",""uma"",""parede"",""branca.""]",o pero pita um parde breca
6e78bb74-a577-4dd6-bb77-67326f341b26,ae85a1b2-9106-4c87-8778-e9aa88c5d889,a1a1784e-3e55-455a-8eba-e8584f6a640d,medium,7,0,0,0,100.00,2026-02-02 19:09:24.446012+00,0,0,0,0.0,0,0,0,[],O jardim tem diversas plantas e flores.
6ead85ee-ee10-4461-8be6-bf3d0169b0c3,ae85a1b2-9106-4c87-8778-e9aa88c5d889,042a4987-d928-42cd-bf87-cc14896ea235,easy,2,0,0,0,90.00,2026-02-02 19:58:19.263012+00,0,0,0,0.0,0,1,1,[],a lua
6ebaf15e-b326-4810-a98b-42b5170d5810,5d742b57-d297-4bb6-b9c5-ae704630fedf,911a6203-5c2f-4c03-a276-366ec08c9c06,medium,10,0,0,0,91.00,2026-02-09 12:21:36.514162+00,0,1,0,0.0,0,1,1,"[""bravo""]",o bombeiro bracvo apaga o fogo com a sua poderosa mangueira
6ef17f23-57df-4764-9ccc-aea35e8f10f7,314c3d91-be93-4454-8786-74dd204cb514,53498836-f6c6-49fe-8f9b-92f408dcb58b,medium,5,1,0,0,83.00,2026-01-08 11:11:31.154719+00,0,0,0,0.0,0,0,0,[],
6fa10832-a260-4dfe-91b5-55c7de15771d,5d742b57-d297-4bb6-b9c5-ae704630fedf,53498836-f6c6-49fe-8f9b-92f408dcb58b,medium,3,1,2,0,50.00,2026-01-07 01:09:45.789528+00,0,0,0,0.0,0,0,0,[],
7367b862-c489-4d3d-8001-d2e5ac023a1f,ae85a1b2-9106-4c87-8778-e9aa88c5d889,53498836-f6c6-49fe-8f9b-92f408dcb58b,medium,6,0,0,0,92.00,2026-02-02 18:55:48.45047+00,0,0,0,0.0,0,1,2,[],o pedro pinta uma parede branca
750c45cb-4a35-419d-a2d3-be5c555f08b8,5d742b57-d297-4bb6-b9c5-ae704630fedf,cc0b8a13-d3cf-4d92-820e-a18cf04d1247,hard,2,0,10,0,42.00,2026-01-14 19:09:16.542849+00,1,0,1,0.0,0,0,1,"[""decisão"",""presidente""]",a decisao do president
75918386-0efb-4eb4-bbfa-162b100e579c,f160026d-e1eb-4ae2-a966-9c2fdc33337b,53498836-f6c6-49fe-8f9b-92f408dcb58b,medium,2,0,1,0,73.00,2026-01-22 14:19:44.782891+00,1,1,1,0.0,0,0,0,"[""pinta"",""parede"",""branca.""]",O Pedro pinto parrede braca.
767b32e8-04f1-4814-8b6c-889387fa55b3,5d742b57-d297-4bb6-b9c5-ae704630fedf,53498836-f6c6-49fe-8f9b-92f408dcb58b,medium,3,0,0,0,93.00,2026-01-29 09:58:38.377201+00,0,0,0,1.0,1,0,0,"[""Pedro""]",O Perdo pinta umaparede branca.
76ab3939-7cb1-4918-9dde-d5b5f0a3881c,5d742b57-d297-4bb6-b9c5-ae704630fedf,53498836-f6c6-49fe-8f9b-92f408dcb58b,medium,5,1,0,0,83.00,2026-01-12 19:54:23.402568+00,0,0,0,0.0,0,0,0,[],
77a89afd-d86c-4ab7-999a-a2bc1784909e,b1212737-d9ee-4cbf-93be-ccfb8d425b69,53498836-f6c6-49fe-8f9b-92f408dcb58b,medium,5,1,0,0,83.00,2026-01-07 12:46:53.018617+00,0,0,0,0.0,0,0,0,[],
77da7c15-ca70-42d0-9bdf-7dd3467f77de,32ce0180-b888-4e43-b505-a49666ae4989,19fdd00c-0804-4c61-b25d-b0202a118174,hard,6,6,0,0,50.00,2026-01-07 11:59:52.335686+00,0,0,0,0.0,0,0,0,[],
78587fbc-ddf2-41a3-ba48-2e7acce37929,5d742b57-d297-4bb6-b9c5-ae704630fedf,762f987c-e2d9-413f-870a-ea69e1612533,medium,5,0,0,0,89.00,2026-01-28 13:00:58.529386+00,2,0,1,0.0,0,1,0,"[""pão"",""dourado.""]",O padeiro prepara o pa bem dorado
7a6de4d6-ce4e-4c8a-b7e3-b0d5f42351ef,5d742b57-d297-4bb6-b9c5-ae704630fedf,042a4987-d928-42cd-bf87-cc14896ea235,easy,2,0,0,0,88.00,2026-01-26 12:26:41.520548+00,0,0,0,0.0,0,1,1,[],a lua
7ac7e84c-fb0c-4e57-830c-2ea4c0cbf755,ae85a1b2-9106-4c87-8778-e9aa88c5d889,681a83ed-a2bf-4a38-82ae-9b99fc5a1dcc,medium,2,1,0,0,38.00,2026-01-31 16:07:46.495953+00,0,1,1,0.0,0,1,1,"[""A"",""bicicleta"",""sol.""]",la bike brilha ao sul
7ad8d892-9787-4ff1-a755-c0e6f13f918a,ae85a1b2-9106-4c87-8778-e9aa88c5d889,53498836-f6c6-49fe-8f9b-92f408dcb58b,medium,6,0,0,0,93.00,2026-02-02 17:51:06.982552+00,0,0,0,0.0,0,1,1,[],O pedro pinta uma parede branca
7c3647db-6c58-43da-9a78-dadd3ecb01f1,ae85a1b2-9106-4c87-8778-e9aa88c5d889,53498836-f6c6-49fe-8f9b-92f408dcb58b,medium,6,0,0,0,93.00,2026-02-02 19:52:11.403344+00,0,0,0,0.0,0,1,1,[],O pedro pinta uma parede branca
7e45869c-efad-4566-a56b-ae450af93978,5d742b57-d297-4bb6-b9c5-ae704630fedf,53498836-f6c6-49fe-8f9b-92f408dcb58b,medium,3,0,0,1,77.00,2026-01-14 14:47:31.904555+00,0,0,0,1.0,1,1,1,"[""Pedro""]",o Perdo pinta umaparede branca a
818a0592-4bd5-40c6-a619-ca59ed96cc84,ae5b447c-f72b-45cf-9627-1a28812ff86b,53498836-f6c6-49fe-8f9b-92f408dcb58b,medium,2,3,1,0,33.00,2026-01-09 15:29:53.408861+00,0,0,0,0.0,0,0,0,[],
82a1335f-6948-428e-aa45-7c48a4fffeb6,5d742b57-d297-4bb6-b9c5-ae704630fedf,681a83ed-a2bf-4a38-82ae-9b99fc5a1dcc,medium,4,0,0,0,94.00,2026-01-28 12:44:45.556832+00,1,0,0,0.0,0,1,0,"[""bicicleta""]",A bicileta brilha ao sol
837d19a0-5b11-4474-ba05-dbcb12461d72,5d742b57-d297-4bb6-b9c5-ae704630fedf,762f987c-e2d9-413f-870a-ea69e1612533,medium,5,0,0,0,81.00,2026-01-28 13:21:03.965584+00,1,0,1,0.0,0,0,0,"[""prepara"",""pão""]",O padeiro prepar o pao bem dourado.
84c4da6e-b28e-4725-879c-84da2ef96b65,f160026d-e1eb-4ae2-a966-9c2fdc33337b,53498836-f6c6-49fe-8f9b-92f408dcb58b,medium,4,0,0,0,93.00,2026-01-28 14:02:16.239196+00,0,0,1,1.0,0,0,0,"[""uma"",""branca.""]",O Pedro pinta oma parede barnca.
84ed98e9-1b1e-4217-a9ea-45aa67c69763,ab3dbad0-652e-4a8b-a9d3-67f0f836a092,19fdd00c-0804-4c61-b25d-b0202a118174,hard,9,1,0,0,92.00,2026-01-29 11:34:57.807008+00,0,0,1,1.0,0,1,1,"[""proposto"",""Bárbara"",""despertou""]",o projeto pedagógico propolhe pela professora  Barbara despretou grande interesse  nos alunos
86440796-ec5a-434f-a6f3-0953cc65e777,5d742b57-d297-4bb6-b9c5-ae704630fedf,746893ee-9fad-42be-aa33-fea395ee378c,medium,4,1,3,0,53.00,2026-01-28 12:52:13.691302+00,1,0,0,0.0,0,0,1,"[""desenha"",""pássaro""]",A dora desnha um pasar belo
874008dc-2f84-4de7-918c-3099e617dcd0,314c3d91-be93-4454-8786-74dd204cb514,53498836-f6c6-49fe-8f9b-92f408dcb58b,medium,4,0,0,0,90.00,2026-01-15 10:15:41.823206+00,1,0,0,1.0,0,1,2,"[""Pedro"",""branca.""]",o pedor pinta uma parede banca
88771091-42ab-485c-92e4-baedf0b7cc85,5d742b57-d297-4bb6-b9c5-ae704630fedf,681a83ed-a2bf-4a38-82ae-9b99fc5a1dcc,medium,3,1,0,0,70.00,2026-01-28 10:30:36.655945+00,1,0,1,0.0,0,1,0,"[""bicicleta"",""brilha""]",A bicicela birla ao sol
88fa8a7b-1eaf-4484-a30c-35cac85e4968,f160026d-e1eb-4ae2-a966-9c2fdc33337b,53498836-f6c6-49fe-8f9b-92f408dcb58b,medium,0,0,6,0,5.00,2026-02-18 16:46:37.824019+00,0,0,0,0.0,0,0,0,[],
8904c8e7-b0ed-4d89-8979-b1658fa6a473,5d742b57-d297-4bb6-b9c5-ae704630fedf,911a6203-5c2f-4c03-a276-366ec08c9c06,medium,8,0,0,0,91.00,2026-01-13 00:34:41.783838+00,1,1,1,0.0,1,1,0,"[""bombeiro"",""poderosa""]","O bnbeiro bravo a paga o fogo com a sua poderoasa mangueira.
"
8a0979ec-9373-4e96-a96a-0759e9147fcd,82fcff68-7301-4599-b818-2cfa383b603c,681a83ed-a2bf-4a38-82ae-9b99fc5a1dcc,medium,5,0,0,0,100.00,2026-01-07 09:33:14.198457+00,0,0,0,0.0,0,0,0,[],
8ab4f9ce-bac3-4d15-9f21-39a85c08ddc1,5d742b57-d297-4bb6-b9c5-ae704630fedf,53498836-f6c6-49fe-8f9b-92f408dcb58b,medium,0,3,3,0,0.00,2026-01-11 15:29:08.991039+00,0,0,0,0.0,0,0,0,[],
8af6dff1-3f46-46de-adc5-527221bb0cb2,5d742b57-d297-4bb6-b9c5-ae704630fedf,19fdd00c-0804-4c61-b25d-b0202a118174,hard,12,0,0,0,100.00,2026-01-14 18:43:02.612913+00,0,0,0,0.0,0,0,0,[],O projeto pedagógico proposto pela professora Bárbara despertou grande interesse nos alunos.
8b472047-e4ed-4178-ab47-f460466cb3d1,ae85a1b2-9106-4c87-8778-e9aa88c5d889,53498836-f6c6-49fe-8f9b-92f408dcb58b,medium,6,0,0,0,93.00,2026-02-02 19:42:03.930646+00,0,0,0,0.0,0,1,1,[],O pedro pinta uma parede branca
8c270984-37ad-45e7-b55a-11eb1c57d6b5,5d742b57-d297-4bb6-b9c5-ae704630fedf,8e96c2ff-bb6f-4269-8d9f-ac34a92ee3e4,medium,7,0,0,0,95.00,2026-02-09 12:21:17.170647+00,0,0,0,0.0,0,1,0,[],A banda tocou uma peça bem divertida
8c2bc5e1-3bc1-4234-9477-82f7a39b130d,ae85a1b2-9106-4c87-8778-e9aa88c5d889,53498836-f6c6-49fe-8f9b-92f408dcb58b,medium,6,0,0,0,98.00,2026-02-03 12:58:04.559639+00,0,0,0,0.0,0,0,1,[],O pedro pinta uma parede branca.
8c557719-a07d-4bad-bd1a-4b12a93be965,b53dc0d0-a977-4696-8b40-61489c1ae123,042a4987-d928-42cd-bf87-cc14896ea235,easy,1,0,0,0,63.00,2026-01-29 11:18:36.822471+00,1,0,0,0.0,0,1,1,"[""lua.""]",a ua
8c994e35-8747-4db2-b384-b65a1421b30f,5d742b57-d297-4bb6-b9c5-ae704630fedf,681a83ed-a2bf-4a38-82ae-9b99fc5a1dcc,medium,4,0,0,0,93.00,2026-01-13 00:17:45.364308+00,0,0,0,0.0,0,0,0,[],
8e8f4da5-7189-4d77-afb9-382c55883220,f160026d-e1eb-4ae2-a966-9c2fdc33337b,53498836-f6c6-49fe-8f9b-92f408dcb58b,medium,5,0,1,0,84.00,2026-02-20 16:27:59.235602+00,0,0,0,0.0,0,0,0,[],Pedro pinta uma parede branca.
902f9e6a-b6f8-45bb-96bc-1ad61a299b43,f160026d-e1eb-4ae2-a966-9c2fdc33337b,53498836-f6c6-49fe-8f9b-92f408dcb58b,medium,3,3,0,0,50.00,2026-01-12 11:32:54.978878+00,0,0,0,0.0,0,0,0,[],
9141f882-47a6-42f6-b4c7-15ae61e63c6f,5d742b57-d297-4bb6-b9c5-ae704630fedf,911a6203-5c2f-4c03-a276-366ec08c9c06,medium,7,2,0,0,67.00,2026-01-28 13:32:44.208122+00,1,0,0,1.0,0,1,0,"[""bravo"",""fogo"",""poderosa"",""mangueira.""]",O bombeiro barvo apaga o fog com a sua po mang
9235eca7-f4fd-45a0-aa6e-f5552668a5c6,5d742b57-d297-4bb6-b9c5-ae704630fedf,8e96c2ff-bb6f-4269-8d9f-ac34a92ee3e4,medium,5,1,1,0,73.00,2026-01-13 00:34:20.749011+00,0,0,0,0.0,0,0,0,"[""bem""]",A banda tocou uma pecabem divertida
93bd2288-1c5b-435a-9a75-df0fde4b35ae,f160026d-e1eb-4ae2-a966-9c2fdc33337b,53498836-f6c6-49fe-8f9b-92f408dcb58b,medium,2,0,3,0,51.00,2026-01-13 16:03:51.870586+00,0,0,0,1.0,0,0,0,"[""Pedro""]",O Perdo pinta
93f21656-99b8-4e6e-9cc1-8b56cd839cc6,5d742b57-d297-4bb6-b9c5-ae704630fedf,53498836-f6c6-49fe-8f9b-92f408dcb58b,medium,3,2,1,0,50.00,2026-01-12 19:42:49.783453+00,0,0,0,0.0,0,0,0,[],
956d62e0-adff-490f-88be-5b3c581cc690,ae85a1b2-9106-4c87-8778-e9aa88c5d889,53498836-f6c6-49fe-8f9b-92f408dcb58b,medium,3,0,0,0,65.00,2026-01-31 16:05:53.938466+00,0,0,3,0.0,0,1,1,"[""pinta"",""uma"",""branca.""]",O pedro ponta una parede bronca
96a125e4-0cae-4328-8beb-565651c1089f,314c3d91-be93-4454-8786-74dd204cb514,53498836-f6c6-49fe-8f9b-92f408dcb58b,medium,0,2,4,0,0.00,2026-01-07 02:45:06.857064+00,0,0,0,0.0,0,0,0,[],
97a44b36-ece5-41fa-ba56-26fc986390e7,ae85a1b2-9106-4c87-8778-e9aa88c5d889,53498836-f6c6-49fe-8f9b-92f408dcb58b,medium,2,0,0,0,57.00,2026-01-31 15:56:43.56565+00,0,1,3,0.0,0,1,2,"[""Pedro"",""pinta"",""uma"",""branca.""]",o predro ponta una parede bronca
9910d7f3-e665-4916-8917-c7e7604f4a32,5d742b57-d297-4bb6-b9c5-ae704630fedf,53498836-f6c6-49fe-8f9b-92f408dcb58b,medium,4,0,0,0,89.00,2026-01-14 18:50:07.25363+00,2,0,0,0.0,0,1,2,"[""pinta"",""uma""]",o pedro pint um parede branca
996192ef-5edf-48e9-9459-bd764d8f91be,5d742b57-d297-4bb6-b9c5-ae704630fedf,53498836-f6c6-49fe-8f9b-92f408dcb58b,medium,2,0,0,0,94.00,2026-01-13 00:04:08.171118+00,0,0,0,0.0,0,0,0,[],
9b5e8bc4-8c91-4939-b7a6-76af70a6f63f,5d742b57-d297-4bb6-b9c5-ae704630fedf,53498836-f6c6-49fe-8f9b-92f408dcb58b,medium,5,0,0,0,97.00,2026-01-28 13:03:28.494233+00,0,0,0,1.0,0,0,0,"[""Pedro""]",O Perdo pinta uma parede branca.
9d6f3735-c146-4707-bdcd-aee09f48db32,314c3d91-be93-4454-8786-74dd204cb514,911a6203-5c2f-4c03-a276-366ec08c9c06,medium,0,1,10,0,0.00,2026-01-07 03:38:35.928505+00,0,0,0,0.0,0,0,0,[],
9e40c0b3-388d-403a-873b-c15b64e9b31f,f160026d-e1eb-4ae2-a966-9c2fdc33337b,043e765a-9389-4257-a43c-1f0ce36aca3d,easy,3,0,1,0,62.00,2026-02-20 13:11:24.304761+00,1,0,1,0.0,0,0,1,"[""pai""]",Aí pega no pão.
9e47828d-96f9-4a02-a4bf-2a4ca14b1536,ea6ca1db-4460-45b5-a218-6676490a2d47,13561c14-f93c-448d-ba49-012aac1baafb,easy,1,1,2,0,0.00,2026-01-23 15:32:57.711519+00,0,0,1,0.0,0,1,1,"[""bola"",""Pedro.""]",A pola etuperu
9eba3ea3-e5d6-4527-9f3a-6f0f884dd646,93e79d89-7ad2-406c-b29d-78a3bcd21d86,53498836-f6c6-49fe-8f9b-92f408dcb58b,medium,6,0,0,0,98.00,2026-01-29 12:22:50.032741+00,0,0,0,0.0,0,1,1,[],O pedro pinta uma parede branca
a191fa45-4074-4efc-a9d0-ab0fcc2a7b3c,5d742b57-d297-4bb6-b9c5-ae704630fedf,53498836-f6c6-49fe-8f9b-92f408dcb58b,medium,5,0,0,0,96.00,2026-01-14 11:09:14.838938+00,0,0,0,1.0,0,1,0,"[""parede""]",O Pedro pinta uma paerde branca
a35dcaf5-e680-4388-96be-2d6cddf49a4d,d37c7d7c-aa9b-45d9-8d25-693333ad937f,042a4987-d928-42cd-bf87-cc14896ea235,easy,2,0,0,0,100.00,2026-01-23 16:09:26.852284+00,0,0,0,0.0,0,0,0,[],A lua.
a3649bae-9114-48d0-a368-599361003916,5d742b57-d297-4bb6-b9c5-ae704630fedf,53498836-f6c6-49fe-8f9b-92f408dcb58b,medium,5,1,0,0,83.00,2026-01-07 03:29:27.422901+00,0,0,0,0.0,0,0,0,[],
a459fceb-09ea-43ca-97d5-36e1fe6eaef9,f160026d-e1eb-4ae2-a966-9c2fdc33337b,30157a15-6912-4c28-b1ec-edaba71d9ef4,easy,2,0,0,0,100.00,2026-02-20 16:27:22.952038+00,0,0,0,0.0,0,0,0,[],O tapete.
a4ea27ac-5c7d-4a16-9e1e-454f263fd4bc,5d742b57-d297-4bb6-b9c5-ae704630fedf,53498836-f6c6-49fe-8f9b-92f408dcb58b,medium,3,0,0,0,95.00,2026-01-12 23:37:34.802481+00,0,0,0,0.0,0,0,0,[],
a54106d9-e81a-40db-911a-0ef07c80a5e8,5d742b57-d297-4bb6-b9c5-ae704630fedf,746893ee-9fad-42be-aa33-fea395ee378c,medium,7,0,0,1,66.00,2026-01-28 13:12:23.137896+00,1,0,1,1.0,0,1,1,"[""pássaro"",""caderno.""]",a Dora desenha um pasaro belo no seu cadreno a
a54a2a2d-b8d1-4b72-b399-af8cd72a76a8,5d742b57-d297-4bb6-b9c5-ae704630fedf,681a83ed-a2bf-4a38-82ae-9b99fc5a1dcc,medium,1,2,0,0,81.00,2026-01-12 23:16:55.670715+00,0,0,0,0.0,0,0,0,[],
a58f8c34-7fd3-4f33-9840-d1ce9064685e,5d742b57-d297-4bb6-b9c5-ae704630fedf,19fdd00c-0804-4c61-b25d-b0202a118174,hard,4,4,4,0,33.00,2026-01-07 02:28:42.099791+00,0,0,0,0.0,0,0,0,[],
a5ea2eb2-3535-4dfb-bb14-c2a0204d3a08,f160026d-e1eb-4ae2-a966-9c2fdc33337b,53498836-f6c6-49fe-8f9b-92f408dcb58b,medium,4,0,2,0,67.00,2026-02-20 13:10:13.208695+00,0,0,0,0.0,0,0,1,[],Pinta uma parede branca.
a6768da0-8e5d-4398-a7ab-489c540f15f6,314c3d91-be93-4454-8786-74dd204cb514,043e765a-9389-4257-a43c-1f0ce36aca3d,easy,0,1,4,0,0.00,2026-01-07 02:41:03.803481+00,0,0,0,0.0,0,0,0,[],
a724f028-b66a-4d9a-b8aa-39bcf57cb8a0,5d742b57-d297-4bb6-b9c5-ae704630fedf,043e765a-9389-4257-a43c-1f0ce36aca3d,easy,1,0,1,0,46.00,2026-01-28 10:39:05.896059+00,2,1,0,0.0,0,0,0,"[""pai"",""pega"",""no""]",O pa peg nop
a8b54fd0-ddf9-4e18-8be0-782a45200fc1,59dd17d8-682d-41b0-9d86-b96baf61a1bd,9e38ae27-deef-4bd3-95c1-7d61dd58cc1b,medium,4,0,0,0,82.00,2026-01-22 15:13:50.422661+00,2,0,7,0.0,0,0,0,"[""pássaros"",""pousam"",""nos"",""cantam"",""belíssimas""]",Os pasaros pousão nus ramos e cantão belisimas melodias.
a8e16b24-1f0b-4307-a7cf-9547171220eb,ae5b447c-f72b-45cf-9627-1a28812ff86b,53498836-f6c6-49fe-8f9b-92f408dcb58b,medium,2,3,1,0,33.00,2026-01-09 00:37:10.421563+00,0,0,0,0.0,0,0,0,[],
a9737e02-794c-45db-8a54-c590172b0a3d,314c3d91-be93-4454-8786-74dd204cb514,53498836-f6c6-49fe-8f9b-92f408dcb58b,medium,6,0,0,0,100.00,2026-01-07 03:32:12.501009+00,0,0,0,0.0,0,0,0,[],
aa4b0dec-2e43-42b2-b7c8-dd4ac8ce4d9f,5d742b57-d297-4bb6-b9c5-ae704630fedf,53498836-f6c6-49fe-8f9b-92f408dcb58b,medium,5,0,0,0,97.00,2026-01-28 12:49:40.23318+00,0,0,0,1.0,0,0,0,"[""Pedro""]",O Perdo pinta uma parede branca.
aae120da-96da-43a1-9487-7afe61f26465,7cadae0c-086f-4f3b-8065-866318bafaf5,5a45fbcb-34da-4a30-b70f-01331ff0f560,easy,2,0,0,0,94.00,2026-01-23 14:56:06.207874+00,0,0,0,0.0,0,1,0,[],A   mãe
ab882812-00a7-4171-ae2c-4ce4a79e6b9b,5d742b57-d297-4bb6-b9c5-ae704630fedf,9e38ae27-deef-4bd3-95c1-7d61dd58cc1b,medium,7,1,0,0,87.00,2026-01-13 00:42:23.085578+00,1,0,1,0.0,0,1,0,"[""pássaros"",""belíssimas""]",Os passari pousam nos ramos e cantam belisimas melodias.
ae7ca25c-d886-4bf4-8c5c-6181c71bf9d1,5d742b57-d297-4bb6-b9c5-ae704630fedf,53498836-f6c6-49fe-8f9b-92f408dcb58b,medium,5,1,0,0,83.00,2026-01-12 21:53:07.369206+00,0,0,0,0.0,0,0,0,[],
aec2032d-690e-4ea3-8ada-33b32afa927f,ae85a1b2-9106-4c87-8778-e9aa88c5d889,53498836-f6c6-49fe-8f9b-92f408dcb58b,medium,3,1,0,1,33.00,2026-01-31 15:46:51.878969+00,0,2,1,0.0,0,1,1,"[""pinta"",""uma"",""branca.""]","O pedro printra una parede bronçã
."
aeee11a7-b53d-42d9-ab3d-ea5ec695adac,ae85a1b2-9106-4c87-8778-e9aa88c5d889,8e96c2ff-bb6f-4269-8d9f-ac34a92ee3e4,medium,7,0,0,0,100.00,2026-02-02 19:07:45.163741+00,0,0,0,0.0,0,0,0,[],A banda tocou uma peça bem divertida.
af44c38f-9cf7-40c6-aaf1-9fcfca0ad300,f160026d-e1eb-4ae2-a966-9c2fdc33337b,53498836-f6c6-49fe-8f9b-92f408dcb58b,medium,5,0,1,0,84.00,2026-02-20 14:03:53.231932+00,0,0,0,0.0,0,0,0,[],Pedro pinta uma parede branca.
b057bc74-bb7a-4b13-a616-8ef96c8a93db,56aea145-f73d-4742-aca0-6258d9af020c,042a4987-d928-42cd-bf87-cc14896ea235,easy,2,0,0,0,100.00,2026-01-07 11:37:26.420358+00,0,0,0,0.0,0,0,0,[],
b1057ea4-9ec5-4ffa-9275-3c2518d3d212,59dd17d8-682d-41b0-9d86-b96baf61a1bd,8e96c2ff-bb6f-4269-8d9f-ac34a92ee3e4,medium,5,0,0,0,93.00,2026-01-22 15:03:43.078431+00,0,0,2,0.0,0,1,0,"[""tocou"",""peça""]",A banda tucou uma pesa bem divertida
b28ae4da-ac80-4e5f-bee9-a681d2718011,5d742b57-d297-4bb6-b9c5-ae704630fedf,953c9df0-5c55-4f98-b8c7-a50ed19fa007,medium,7,0,0,0,94.00,2026-01-13 00:36:53.70048+00,1,0,1,0.0,1,0,0,"[""foi"",""bem""]",A decisão de participar no desfile doi bm pensada edivertida
b679d2ec-4886-4a58-a1e8-44e888fc26ca,5d742b57-d297-4bb6-b9c5-ae704630fedf,953c9df0-5c55-4f98-b8c7-a50ed19fa007,medium,8,3,0,0,73.00,2026-01-07 01:09:35.458966+00,0,0,0,0.0,0,0,0,[],
b75a6893-12fc-46ed-9710-b1c5361e912a,314c3d91-be93-4454-8786-74dd204cb514,53498836-f6c6-49fe-8f9b-92f408dcb58b,medium,3,0,0,0,87.00,2026-02-21 20:56:30.597716+00,1,0,2,0.0,0,1,1,"[""Pedro"",""pinta"",""uma""]",O petro pita una parede branca
b7f50dcb-7394-4967-84af-4ec51882a285,5d742b57-d297-4bb6-b9c5-ae704630fedf,9e38ae27-deef-4bd3-95c1-7d61dd58cc1b,medium,7,2,0,3,44.00,2026-01-07 01:08:06.979038+00,0,0,0,0.0,0,0,0,[],
b8557cc0-d365-49bb-a490-2d66017b6de9,f160026d-e1eb-4ae2-a966-9c2fdc33337b,53498836-f6c6-49fe-8f9b-92f408dcb58b,medium,3,0,1,0,77.00,2026-01-15 15:57:58.792889+00,0,0,1,1.0,0,1,0,"[""Pedro"",""pinta""]",O Perdo pinto parede branca
b8a28252-fa4f-4b99-803b-7715b117ef15,7cadae0c-086f-4f3b-8065-866318bafaf5,746893ee-9fad-42be-aa33-fea395ee378c,medium,6,0,0,0,88.00,2026-01-23 15:05:50.325853+00,1,0,3,0.0,0,1,1,"[""desenha"",""pássaro"",""seu""]",A    dora   desanha   um   pasaro  belo no ceu caderno
bbf90c04-2900-4534-bdfc-0ce8e8abc0fb,08637836-054c-415d-93eb-e5f2ddbd61f9,042a4987-d928-42cd-bf87-cc14896ea235,easy,2,0,0,0,100.00,2026-01-07 12:35:52.97456+00,0,0,0,0.0,0,0,0,[],
bd508765-8e46-44f5-81fe-56753ff91bd9,ae85a1b2-9106-4c87-8778-e9aa88c5d889,762f987c-e2d9-413f-870a-ea69e1612533,medium,1,0,5,0,20.00,2026-02-02 19:07:04.628197+00,0,0,0,1.0,0,0,1,"[""padeiro""]",o paderio
be326128-e33c-4b80-bd6e-97b7b171adad,5d742b57-d297-4bb6-b9c5-ae704630fedf,53498836-f6c6-49fe-8f9b-92f408dcb58b,medium,3,0,0,0,67.00,2026-01-28 13:28:33.091701+00,2,0,1,1.0,0,0,1,"[""Pedro"",""parede"",""branca.""]",O perdo pinta uma parde barca.
be803942-b826-4236-a513-8c66e09ca6b7,5d742b57-d297-4bb6-b9c5-ae704630fedf,762f987c-e2d9-413f-870a-ea69e1612533,medium,6,0,0,0,88.00,2026-01-28 13:14:31.606594+00,0,0,0,1.0,0,0,1,"[""padeiro""]",O Paderio prepara o pão bem dourado.
bebb2079-2cd7-4de2-860f-25dc6230b2f0,5d742b57-d297-4bb6-b9c5-ae704630fedf,53498836-f6c6-49fe-8f9b-92f408dcb58b,medium,5,1,0,0,83.00,2026-01-07 01:26:02.423321+00,0,0,0,0.0,0,0,0,[],
bf60b799-90d5-4a2f-9fd4-489ee052ae4d,5d742b57-d297-4bb6-b9c5-ae704630fedf,746893ee-9fad-42be-aa33-fea395ee378c,medium,8,0,0,0,97.00,2026-01-12 23:54:39.710566+00,0,0,0,0.0,0,0,0,[],
c00e255f-75c9-4348-b8a7-22829fe1772b,ae85a1b2-9106-4c87-8778-e9aa88c5d889,53498836-f6c6-49fe-8f9b-92f408dcb58b,medium,2,0,0,0,57.00,2026-01-31 16:01:58.746799+00,0,1,3,0.0,0,1,2,"[""Pedro"",""pinta"",""uma"",""branca.""]",o predro ponta una parede bronca
c00ee6c6-21be-4626-a76b-0683b69ba79d,7cadae0c-086f-4f3b-8065-866318bafaf5,53498836-f6c6-49fe-8f9b-92f408dcb58b,medium,4,0,0,0,91.00,2026-01-23 15:11:01.992601+00,1,0,1,0.0,0,0,1,"[""pinta"",""branca.""]",O pedro pita uma parede branco.
c02ac3d8-8423-45d1-bad9-aa4a80a1d75f,ae85a1b2-9106-4c87-8778-e9aa88c5d889,762f987c-e2d9-413f-870a-ea69e1612533,medium,5,1,0,0,67.00,2026-02-02 18:26:05.010763+00,0,0,1,0.0,0,1,1,"[""prepara"",""pão""]",o padeiro preapar o pao bem dourado
c03d5715-5776-4a36-bc0c-f38efddf596f,ae85a1b2-9106-4c87-8778-e9aa88c5d889,681a83ed-a2bf-4a38-82ae-9b99fc5a1dcc,medium,2,2,0,0,36.00,2026-02-02 19:22:23.118131+00,0,0,1,0.0,0,1,1,"[""bicicleta"",""brilha"",""sol.""]",a bicla nsks ao sul
c03dd7f7-abee-4be8-9848-fa9b3eb94114,5d742b57-d297-4bb6-b9c5-ae704630fedf,762f987c-e2d9-413f-870a-ea69e1612533,medium,5,1,1,0,72.00,2026-01-13 00:33:03.852359+00,0,0,0,0.0,0,0,1,"[""bem""]",o padeiro prepara o paobem dourado
c06d4e1b-ee95-4b01-a21a-abff8f305578,3c46a8b3-b966-40b5-be52-54d6ac00362a,19fdd00c-0804-4c61-b25d-b0202a118174,hard,9,1,0,0,92.00,2026-01-22 15:40:40.105043+00,1,0,1,0.0,0,1,0,"[""professora"",""Bárbara"",""despertou""]",O projeto pedagógico proposto pela profesora Barbara mostrou grande interesse nos alunos
c11c1570-5f48-4102-98b5-093a8ac06b5e,b53dc0d0-a977-4696-8b40-61489c1ae123,30157a15-6912-4c28-b1ec-edaba71d9ef4,easy,0,1,0,0,21.00,2026-01-29 11:22:21.738687+00,0,0,1,0.0,0,1,1,"[""O"",""tapete.""]",u o
c24ada56-01e0-4367-a8aa-ab7d7abcd581,5d742b57-d297-4bb6-b9c5-ae704630fedf,762f987c-e2d9-413f-870a-ea69e1612533,medium,3,0,0,1,72.00,2026-01-13 00:14:10.392888+00,0,0,0,0.0,0,0,0,[],
c3acd609-f2d8-4e0a-b7f3-aad426c486bf,5d742b57-d297-4bb6-b9c5-ae704630fedf,746893ee-9fad-42be-aa33-fea395ee378c,medium,6,0,0,0,92.00,2026-01-12 23:39:42.157153+00,0,0,0,0.0,0,0,0,[],
c43737f1-03db-4c84-8af7-6eefe27c3e6c,5d742b57-d297-4bb6-b9c5-ae704630fedf,53498836-f6c6-49fe-8f9b-92f408dcb58b,medium,3,0,0,0,85.00,2026-01-29 10:57:35.444458+00,0,2,1,1.0,0,0,0,"[""Pedro"",""pinta"",""parede""]",O Perdo poinga uma poarede branca.
c785de29-d506-4412-a913-b831910ad891,ae85a1b2-9106-4c87-8778-e9aa88c5d889,762f987c-e2d9-413f-870a-ea69e1612533,medium,4,1,0,0,61.00,2026-02-03 12:40:21.38507+00,1,0,1,0.0,0,1,1,"[""prepara"",""pão"",""dourado.""]",o padeiro perpar o pao bem dorado
c9cfb683-3f16-43ff-906b-428422179bbf,5d742b57-d297-4bb6-b9c5-ae704630fedf,53498836-f6c6-49fe-8f9b-92f408dcb58b,medium,3,0,0,0,91.00,2026-01-29 10:29:18.732118+00,0,0,0,1.0,1,1,1,"[""Pedro""]",o Perdo pinta umaparede branca
ca047d3c-1670-4547-a3d8-55244917a8c2,5d742b57-d297-4bb6-b9c5-ae704630fedf,53498836-f6c6-49fe-8f9b-92f408dcb58b,medium,4,0,0,0,83.00,2026-01-13 00:54:01.072621+00,3,0,1,0.0,0,0,2,"[""parede"",""branca.""]",o pedro pinta uma prde breca.
ca6931de-2403-4571-949e-b5a24d50c138,5d742b57-d297-4bb6-b9c5-ae704630fedf,53498836-f6c6-49fe-8f9b-92f408dcb58b,medium,4,0,0,0,86.00,2026-01-15 00:51:53.181631+00,2,0,1,0.0,0,1,2,"[""parede"",""branca.""]",o pedro pinta uma parde barca
ca9ec9d4-3925-42e4-b4ab-85a3c982f67d,ae85a1b2-9106-4c87-8778-e9aa88c5d889,53498836-f6c6-49fe-8f9b-92f408dcb58b,medium,3,0,0,0,57.00,2026-01-31 15:52:31.900685+00,1,1,2,0.0,0,1,2,"[""Pedro"",""uma"",""branca.""]",o predo pinta una parede bronca
cab74ceb-9a68-4e3b-92a1-5041c6824e41,314c3d91-be93-4454-8786-74dd204cb514,53498836-f6c6-49fe-8f9b-92f408dcb58b,medium,0,1,5,0,7.00,2026-01-13 16:28:21.108268+00,0,0,0,0.0,0,1,0,"[""branca.""]",olaaa
caed02aa-96f0-42c7-840c-f9aae7dbecee,5d742b57-d297-4bb6-b9c5-ae704630fedf,953c9df0-5c55-4f98-b8c7-a50ed19fa007,medium,9,0,0,0,88.00,2026-01-28 13:31:16.597772+00,0,0,0,0.0,2,1,0,[],A deci são de participar no des file foi bem pensada e divertida
cb281286-e7c7-4e88-a678-ae06b37be3ed,ae85a1b2-9106-4c87-8778-e9aa88c5d889,53498836-f6c6-49fe-8f9b-92f408dcb58b,medium,2,0,4,0,29.00,2026-02-03 12:37:29.330474+00,0,0,0,0.0,0,1,2,[],o pedro.
cb56f9fd-4f2e-4949-8811-3dae10a08d24,5d742b57-d297-4bb6-b9c5-ae704630fedf,19fdd00c-0804-4c61-b25d-b0202a118174,hard,0,4,8,0,0.00,2026-01-12 19:54:09.617049+00,0,0,0,0.0,0,0,0,[],
cbf85ca1-78d5-4e4a-8d76-e7f56a63d3f4,5d742b57-d297-4bb6-b9c5-ae704630fedf,9e38ae27-deef-4bd3-95c1-7d61dd58cc1b,medium,7,2,0,1,67.00,2026-01-07 01:08:49.64006+00,0,0,0,0.0,0,0,0,[],
cc7936b1-b2ac-430e-8edd-63bf912c27a5,5d742b57-d297-4bb6-b9c5-ae704630fedf,746893ee-9fad-42be-aa33-fea395ee378c,medium,6,0,1,0,80.00,2026-01-29 09:58:00.592731+00,1,0,1,1.0,0,1,1,"[""pássaro"",""caderno.""]",A dora um pasaro belo no seu cadreno
cd409945-f5bb-49f6-a761-9930e67ce8c5,ae5b447c-f72b-45cf-9627-1a28812ff86b,043e765a-9389-4257-a43c-1f0ce36aca3d,easy,3,2,0,0,60.00,2026-01-07 11:23:11.229964+00,0,0,0,0.0,0,0,0,[],
cda00b95-89c0-49ae-890a-baafd437da50,59dd17d8-682d-41b0-9d86-b96baf61a1bd,53498836-f6c6-49fe-8f9b-92f408dcb58b,medium,5,0,0,0,93.00,2026-01-22 14:51:14.434095+00,0,0,1,0.0,0,1,2,"[""uma""]",o pedro pinta oma parede branca
cddde566-be05-450d-9815-97c9f1a54412,314c3d91-be93-4454-8786-74dd204cb514,9e38ae27-deef-4bd3-95c1-7d61dd58cc1b,medium,0,1,8,0,0.00,2026-01-07 03:38:44.625678+00,0,0,0,0.0,0,0,0,[],
cfb1d8c2-4720-4e4c-82db-63720cb20a17,ae85a1b2-9106-4c87-8778-e9aa88c5d889,53498836-f6c6-49fe-8f9b-92f408dcb58b,medium,6,0,0,0,98.00,2026-02-03 12:36:08.560085+00,0,0,0,0.0,0,0,1,[],O pedro pinta uma parede branca.
cfcc7386-cadd-4887-aad5-51345eb04666,ae85a1b2-9106-4c87-8778-e9aa88c5d889,53498836-f6c6-49fe-8f9b-92f408dcb58b,medium,3,1,0,0,55.00,2026-01-31 17:46:46.275119+00,0,0,2,0.0,0,1,2,"[""Pedro"",""uma"",""branca.""]",o predor pinta una parede bronca
d06e558e-8462-4535-9265-d3402f29bc9e,5d742b57-d297-4bb6-b9c5-ae704630fedf,762f987c-e2d9-413f-870a-ea69e1612533,medium,6,1,0,3,43.00,2026-01-07 01:26:46.628377+00,0,0,0,0.0,0,0,0,[],
d248249e-8d15-43bf-b1de-642b29c558c6,314c3d91-be93-4454-8786-74dd204cb514,b6bdfdc9-b10b-4882-b98b-48722a2b351f,medium,0,1,12,0,0.00,2026-01-07 03:38:53.049314+00,0,0,0,0.0,0,0,0,[],
d279eb91-0988-44c0-8204-a72dbb9afbf6,ae85a1b2-9106-4c87-8778-e9aa88c5d889,746893ee-9fad-42be-aa33-fea395ee378c,medium,9,0,0,0,100.00,2026-02-03 12:39:53.947003+00,0,0,0,0.0,0,0,0,[],A Dora desenha um pássaro belo no seu caderno.
d2985eb6-8ea3-40d7-b97a-039423f9bef6,ae85a1b2-9106-4c87-8778-e9aa88c5d889,746893ee-9fad-42be-aa33-fea395ee378c,medium,6,0,0,0,70.00,2026-02-02 18:14:27.048124+00,1,0,3,0.0,0,1,2,"[""desenha"",""um"",""pássaro""]","a dora dezenha un pasaro belo no seu caderno
"
d3b6dcbc-4647-4bc2-a2ca-706beb6df4f8,d37c7d7c-aa9b-45d9-8d25-693333ad937f,30157a15-6912-4c28-b1ec-edaba71d9ef4,easy,2,0,0,0,100.00,2026-01-23 16:11:18.22073+00,0,0,0,0.0,0,0,0,[],O tapete.
d3f54faf-9a78-491d-8063-0e74de68f827,5d742b57-d297-4bb6-b9c5-ae704630fedf,953c9df0-5c55-4f98-b8c7-a50ed19fa007,medium,8,2,0,1,66.00,2026-01-28 13:30:42.974503+00,0,0,1,0.0,0,1,0,"[""decisão"",""desfile"",""divertida.""]",A decisao de participar no des foi bem pensada e di a
d4f4e244-e997-491c-807f-df023ca6c319,ae85a1b2-9106-4c87-8778-e9aa88c5d889,53498836-f6c6-49fe-8f9b-92f408dcb58b,medium,6,0,0,0,98.00,2026-02-04 20:05:57.252272+00,0,0,0,0.0,0,0,1,[],O Pedro Pinta uma parede branca.
d5795bae-4322-4524-9159-67dca06e8d57,5d742b57-d297-4bb6-b9c5-ae704630fedf,762f987c-e2d9-413f-870a-ea69e1612533,medium,6,0,1,0,81.00,2026-01-28 13:28:10.204214+00,0,0,0,0.0,0,1,0,[],O padeiro prepara o bem dourado
d5b45221-d94b-4c72-ab4a-c93b4705d7e8,5d742b57-d297-4bb6-b9c5-ae704630fedf,746893ee-9fad-42be-aa33-fea395ee378c,medium,9,0,0,0,99.00,2026-01-13 00:13:30.985574+00,0,0,0,0.0,0,0,0,[],
d77d000c-d869-4c8a-be20-87fc8253c5a0,5d742b57-d297-4bb6-b9c5-ae704630fedf,53498836-f6c6-49fe-8f9b-92f408dcb58b,medium,4,1,0,0,93.00,2026-01-12 23:15:28.165252+00,0,0,0,0.0,0,0,0,[],
d7d64dae-0888-4969-9e66-fedce57e9c12,f160026d-e1eb-4ae2-a966-9c2fdc33337b,681a83ed-a2bf-4a38-82ae-9b99fc5a1dcc,medium,5,0,0,0,100.00,2026-02-20 14:04:34.334589+00,0,0,0,0.0,0,0,0,[],A bicicleta brilha ao sol.
d82dab44-9a77-4a00-af9d-aee4ec24aabd,5d742b57-d297-4bb6-b9c5-ae704630fedf,53498836-f6c6-49fe-8f9b-92f408dcb58b,medium,3,0,0,0,92.00,2026-01-29 09:57:02.34011+00,0,0,0,1.0,1,0,1,"[""Pedro""]",O perdo pinta umaparede branca.
d8542ec4-5dee-419a-88bf-cc2817abb87e,5d742b57-d297-4bb6-b9c5-ae704630fedf,681a83ed-a2bf-4a38-82ae-9b99fc5a1dcc,medium,4,0,0,0,95.00,2026-01-13 00:48:21.874632+00,0,0,0,1.0,0,0,1,"[""brilha""]",a bicicleta birlha ao sol
d86fc848-cc01-405a-8828-9a37b4863503,5d742b57-d297-4bb6-b9c5-ae704630fedf,043e765a-9389-4257-a43c-1f0ce36aca3d,easy,3,0,0,0,81.00,2026-01-26 12:27:12.140815+00,0,0,2,0.0,0,0,2,"[""pega"",""pão.""]",o Pai peja no pao.
d8c60e7b-d9c1-47b6-82df-fecef1b90fc5,5d742b57-d297-4bb6-b9c5-ae704630fedf,53498836-f6c6-49fe-8f9b-92f408dcb58b,medium,3,2,1,0,50.00,2026-01-12 19:41:13.030794+00,0,0,0,0.0,0,0,0,[],
dc4540a3-ddf7-4832-a347-7c6f8837919f,5d742b57-d297-4bb6-b9c5-ae704630fedf,53498836-f6c6-49fe-8f9b-92f408dcb58b,medium,6,0,0,0,98.00,2026-01-14 18:11:06.070918+00,0,0,0,0.0,0,0,2,[],"o pedro pinta uma parede branca.
"
deba2058-02ba-434e-a714-9695d5b84245,5d742b57-d297-4bb6-b9c5-ae704630fedf,746893ee-9fad-42be-aa33-fea395ee378c,medium,6,0,0,1,75.00,2026-01-28 10:38:11.836813+00,3,1,1,0.0,0,1,0,"[""pássaro"",""belo"",""caderno.""]",A Dora desenha um pasaro bel no seu cardeno a.
df52a463-4209-4b44-b49d-592069999e4a,ae5b447c-f72b-45cf-9627-1a28812ff86b,53498836-f6c6-49fe-8f9b-92f408dcb58b,medium,2,2,0,0,60.00,2026-01-14 11:09:53.273057+00,1,0,1,0.0,0,1,1,"[""Pedro"",""uma"",""parede"",""branca.""]",O predor pinta o parde bronca
e0558225-1bac-49db-ab03-fef7b751f5a2,ae85a1b2-9106-4c87-8778-e9aa88c5d889,53498836-f6c6-49fe-8f9b-92f408dcb58b,medium,6,0,0,0,93.00,2026-01-31 18:01:00.715444+00,0,0,0,0.0,0,1,1,[],O pedro pinta uma parede branca
e18ab4a0-2795-44f3-96a7-b7d83f20c5a3,59dd17d8-682d-41b0-9d86-b96baf61a1bd,a1a1784e-3e55-455a-8eba-e8584f6a640d,medium,7,0,0,0,99.00,2026-01-22 15:20:16.860591+00,0,0,0,0.0,0,1,0,[],O jardim tem  diversas plantas e flores
e2016c72-7b36-42a1-8828-c07dd11eeb44,314c3d91-be93-4454-8786-74dd204cb514,53498836-f6c6-49fe-8f9b-92f408dcb58b,medium,0,1,5,0,0.00,2026-01-07 03:40:37.177945+00,0,0,0,0.0,0,0,0,[],
e2adcabd-1ee3-46e9-a38e-90c45fce5384,314c3d91-be93-4454-8786-74dd204cb514,b6bdfdc9-b10b-4882-b98b-48722a2b351f,medium,0,1,12,0,0.00,2026-01-07 03:38:58.952625+00,0,0,0,0.0,0,0,0,[],
e3995ce2-014f-4d15-beb8-591c0a26a1e5,314c3d91-be93-4454-8786-74dd204cb514,681a83ed-a2bf-4a38-82ae-9b99fc5a1dcc,medium,0,5,0,4,0.00,2026-01-07 03:34:01.232877+00,0,0,0,0.0,0,0,0,[],
e40403e6-47f8-4758-a4b7-d324e6e005df,ae85a1b2-9106-4c87-8778-e9aa88c5d889,681a83ed-a2bf-4a38-82ae-9b99fc5a1dcc,medium,0,4,0,1,0.00,2026-01-31 17:47:11.38473+00,0,0,1,0.0,0,1,0,"[""A"",""bicicleta"",""brilha"",""ao"",""sol.""]",O pedro pinta uma parede branca
e6be5f6b-c87f-4025-adc8-426c4a55a71f,5d742b57-d297-4bb6-b9c5-ae704630fedf,042a4987-d928-42cd-bf87-cc14896ea235,easy,1,0,0,0,63.00,2026-01-14 18:50:34.397122+00,0,0,1,0.0,0,1,1,"[""lua.""]",a lia
e6d57c18-7808-4eab-a4d2-3146fe1d820a,93e79d89-7ad2-406c-b29d-78a3bcd21d86,681a83ed-a2bf-4a38-82ae-9b99fc5a1dcc,medium,4,1,0,0,81.00,2026-01-29 12:26:58.172938+00,0,0,0,0.0,0,0,0,"[""bicicleta""]",A vicique brilha ao sol.
e71c72f6-66b6-4e9b-9865-2bb896800364,314c3d91-be93-4454-8786-74dd204cb514,34c835f9-48e9-4766-9d59-e41d77a3cb47,hard,0,2,10,0,0.00,2026-01-07 02:41:31.3582+00,0,0,0,0.0,0,0,0,[],
e7c96ea3-014a-4d66-8fea-447697b74c93,ae85a1b2-9106-4c87-8778-e9aa88c5d889,13561c14-f93c-448d-ba49-012aac1baafb,easy,0,0,4,0,5.00,2026-02-02 20:00:12.416994+00,1,0,1,0.0,0,0,0,"[""do""]"," k"
eb12a6d1-0980-4d16-857d-551cf08638c6,5d742b57-d297-4bb6-b9c5-ae704630fedf,681a83ed-a2bf-4a38-82ae-9b99fc5a1dcc,medium,3,0,1,1,57.00,2026-01-13 00:09:17.908185+00,0,0,0,0.0,0,0,0,[],
ebb8b2d3-501c-49c7-8be3-672ea45f7f48,f160026d-e1eb-4ae2-a966-9c2fdc33337b,53498836-f6c6-49fe-8f9b-92f408dcb58b,medium,3,2,1,0,50.00,2026-01-07 16:42:16.087869+00,0,0,0,0.0,0,0,0,[],
ebc910cb-55eb-4628-b88b-dc6d0f4cf6a2,314c3d91-be93-4454-8786-74dd204cb514,953c9df0-5c55-4f98-b8c7-a50ed19fa007,medium,0,1,10,0,0.00,2026-01-07 03:38:39.062913+00,0,0,0,0.0,0,0,0,[],
ee35494e-1338-4780-bb3d-82c04176be34,ae85a1b2-9106-4c87-8778-e9aa88c5d889,53498836-f6c6-49fe-8f9b-92f408dcb58b,medium,3,0,0,0,68.00,2026-01-31 16:11:23.352475+00,0,1,2,0.0,0,0,2,"[""Pedro"",""uma"",""branca.""]",o predro pinta una parede bronca.
eeb9c82c-7fee-41f4-9a4e-a8177005eeaf,5d742b57-d297-4bb6-b9c5-ae704630fedf,681a83ed-a2bf-4a38-82ae-9b99fc5a1dcc,medium,3,0,1,0,79.00,2026-01-12 23:46:43.330021+00,0,0,0,0.0,0,0,0,[],
ef323fc6-5c48-4d19-a455-a18eff54a7e6,5d742b57-d297-4bb6-b9c5-ae704630fedf,53498836-f6c6-49fe-8f9b-92f408dcb58b,medium,4,0,0,0,90.00,2026-01-14 18:20:24.930402+00,2,0,0,0.0,0,0,2,"[""Pedro"",""uma""]",o pedo pinta ma parede branca.
f0a30efe-f90f-4bba-980a-a1199786ffba,496afdc9-08c6-43b3-923f-b520641a4004,53498836-f6c6-49fe-8f9b-92f408dcb58b,medium,3,3,0,0,50.00,2026-01-07 10:12:26.290258+00,0,0,0,0.0,0,0,0,[],
f1ea31d8-d1b3-41ab-9e5c-baa27847bb1c,5d742b57-d297-4bb6-b9c5-ae704630fedf,762f987c-e2d9-413f-870a-ea69e1612533,medium,0,6,0,0,10.00,2026-01-12 23:40:15.365805+00,0,0,0,0.0,0,0,0,[],
f24c6539-a6bf-43a3-afd0-1263f1867863,5d742b57-d297-4bb6-b9c5-ae704630fedf,53498836-f6c6-49fe-8f9b-92f408dcb58b,medium,6,0,0,0,99.00,2026-01-13 00:16:08.340162+00,0,0,0,0.0,0,0,0,[],
f2a2b3b4-1922-4c40-ba01-0b74f3cc6b3a,314c3d91-be93-4454-8786-74dd204cb514,53498836-f6c6-49fe-8f9b-92f408dcb58b,medium,5,1,0,0,83.00,2026-01-07 21:33:20.578358+00,0,0,0,0.0,0,0,0,[],
f3ec3a85-ebab-47bc-8a80-e6379c5d3aa8,3c46a8b3-b966-40b5-be52-54d6ac00362a,3eb2f422-972d-4931-be28-f6629e96608e,hard,15,0,0,0,100.00,2026-01-22 15:50:26.709508+00,0,0,0,0.0,0,0,0,[],O professor Pedro pediu para os alunos desenvolverem um debate sobre a proteção do ambiente.
f6a8dd19-3214-4041-93da-404c07750bfd,5d742b57-d297-4bb6-b9c5-ae704630fedf,53498836-f6c6-49fe-8f9b-92f408dcb58b,medium,3,0,1,1,53.00,2026-01-12 23:48:50.696181+00,0,0,0,0.0,0,0,0,[],
f72ec62d-46dd-4a6e-9922-7f6c4dcd72d2,5d742b57-d297-4bb6-b9c5-ae704630fedf,53498836-f6c6-49fe-8f9b-92f408dcb58b,medium,3,0,0,0,90.00,2026-01-14 18:53:32.120739+00,1,0,0,0.0,1,1,2,"[""Pedro""]",o pero pinta umaparede branca
f80df40e-26d9-4563-8ec8-4e03c855936e,b885a11a-8c6b-4bb4-bcb1-62c08bbe7275,043e765a-9389-4257-a43c-1f0ce36aca3d,easy,2,0,0,0,75.00,2026-01-29 11:58:01.01261+00,0,0,3,0.0,0,0,1,"[""O"",""no"",""pão.""]",u pai pega nu pãu.
f8759d81-89a2-4d7f-ad90-5e036cd5b1a4,5d742b57-d297-4bb6-b9c5-ae704630fedf,746893ee-9fad-42be-aa33-fea395ee378c,medium,5,5,0,0,84.00,2026-01-12 23:04:40.553191+00,0,0,0,0.0,0,0,0,[],
f886c660-88ab-46e0-8d9f-72a6499d3a2e,f160026d-e1eb-4ae2-a966-9c2fdc33337b,53498836-f6c6-49fe-8f9b-92f408dcb58b,medium,5,0,1,0,84.00,2026-02-20 13:16:33.621132+00,0,0,0,0.0,0,0,0,[],O Pedro pinta uma branca.
f8c12335-ec72-40e8-b976-b673a931be06,314c3d91-be93-4454-8786-74dd204cb514,762f987c-e2d9-413f-870a-ea69e1612533,medium,0,1,6,0,0.00,2026-01-07 03:38:28.948949+00,0,0,0,0.0,0,0,0,[],
f9dc9e89-a641-493a-b148-ea7cedc48fe7,5d742b57-d297-4bb6-b9c5-ae704630fedf,043e765a-9389-4257-a43c-1f0ce36aca3d,easy,3,0,0,0,83.00,2026-01-13 00:46:40.030483+00,1,0,1,0.0,0,0,1,"[""no"",""pão""]",o pai pega n pao
faae51a9-302c-4be6-9cc5-d109b61a4205,5d742b57-d297-4bb6-b9c5-ae704630fedf,53498836-f6c6-49fe-8f9b-92f408dcb58b,medium,5,0,1,1,67.00,2026-01-28 10:14:13.321685+00,0,0,0,0.0,0,1,1,[],O pedro pinta parede uma branca
fd82e3a7-35cc-4261-9c84-bc23d78cdc56,ae85a1b2-9106-4c87-8778-e9aa88c5d889,042a4987-d928-42cd-bf87-cc14896ea235,easy,2,0,0,0,90.00,2026-02-02 19:22:41.950683+00,0,0,0,0.0,0,1,1,[],a lua
fdec69af-67b5-4cde-9740-9d6fe2c32356,f160026d-e1eb-4ae2-a966-9c2fdc33337b,30157a15-6912-4c28-b1ec-edaba71d9ef4,easy,0,2,0,0,0.00,2026-02-20 16:26:50.859476+00,0,0,0,0.0,0,1,0,"[""O"",""tapete.""]",Puta pede
ff1be59c-6647-4b8a-ab7e-7233d87776bf,314c3d91-be93-4454-8786-74dd204cb514,53498836-f6c6-49fe-8f9b-92f408dcb58b,medium,0,0,5,0,18.00,2026-01-13 16:30:34.563206+00,1,0,0,0.0,0,1,0,"[""branca.""]",branc